y_true,y_pred,prob_no_stroke,prob_stroke
1,1,0.44565218399592144,0.5543478160040786
1,1,0.13840227287866014,0.8615977271213399
1,1,0.16029610556785334,0.8397038944321467
1,1,0.17281509335334277,0.8271849066466572
1,0,0.5800538786268375,0.41994612137316245
1,0,0.9717037080266652,0.02829629197333484
1,1,0.07312963977506282,0.9268703602249372
1,1,0.43770843033259166,0.5622915696674083
1,1,0.4540216667114112,0.5459783332885888
1,1,0.485536276365371,0.514463723634629
1,0,0.7060599115426109,0.2939400884573891
1,1,0.15518464805521603,0.844815351944784
1,0,0.8686891103258699,0.13131088967413004
1,1,0.20709938930406113,0.7929006106959389
1,0,0.5854628195557298,0.41453718044427024
1,1,0.17655200480124222,0.8234479951987578
1,1,0.08919862799704115,0.9108013720029589
1,1,0.06762440997216135,0.9323755900278387
1,0,0.5939058205426497,0.40609417945735027
1,1,0.290888130862904,0.709111869137096
1,0,0.7541567293645388,0.24584327063546124
1,1,0.49551222166652364,0.5044877783334764
1,1,0.4432364145969273,0.5567635854030727
1,0,0.6209084578865787,0.3790915421134214
1,1,0.48776122412982625,0.5122387758701737
1,1,0.13080223254477774,0.8691977674552223
1,1,0.3577906769994066,0.6422093230005934
1,0,0.9984757147203537,0.0015242852796463744
1,1,0.19515685411771622,0.8048431458822838
1,1,0.48622954430838705,0.513770455691613
1,1,0.10839289887142367,0.8916071011285763
1,0,0.6774252098829724,0.3225747901170276
1,1,0.2799009948016885,0.7200990051983115
1,1,0.04817805426868704,0.951821945731313
1,0,0.6463502851246135,0.3536497148753866
1,0,0.6026274333593437,0.39737256664065634
1,1,0.4021710267696397,0.5978289732303603
1,1,0.052776891103807566,0.9472231088961924
1,1,0.0014946950861398633,0.9985053049138601
1,1,0.2945301492592336,0.7054698507407664
1,1,0.09655959423683569,0.9034404057631643
1,1,0.15162063129151127,0.8483793687084887
1,1,0.26122116667399065,0.7387788333260094
1,0,0.5878368752538554,0.4121631247461445
0,0,0.9999914942217364,8.505778263605022e-06
0,1,0.1232403655253308,0.8767596344746692
0,1,0.2654163433771143,0.7345836566228857
0,0,0.987616072034396,0.012383927965603959
0,1,0.32812233509140565,0.6718776649085944
0,0,0.9057702399625577,0.09422976003744234
0,0,0.7246456060375164,0.2753543939624836
0,1,0.2731069837433435,0.7268930162566565
0,0,0.9999155347409298,8.446525907027321e-05
0,1,0.48178974085959236,0.5182102591404076
0,0,0.7932114571663079,0.20678854283369205
0,1,0.12735371455443623,0.8726462854455638
0,0,0.9890965305695288,0.010903469430471156
0,1,0.3155214534015829,0.6844785465984171
0,0,0.9999250862525454,7.491374745459799e-05
0,0,0.9680003012394507,0.03199969876054931
0,1,0.2858014145363258,0.7141985854636742
0,0,0.999999366512877,6.334871229558042e-07
0,0,0.9999948587018581,5.141298141883482e-06
0,1,0.08026948452774874,0.9197305154722513
0,0,0.8697880404994344,0.13021195950056566
0,0,0.9975164780768826,0.0024835219231174165
0,0,0.6153635282130083,0.3846364717869916
0,0,0.9980294817924572,0.001970518207542765
0,0,0.9996741854044378,0.00032581459556228217
0,1,0.26384289869810484,0.7361571013018952
0,1,0.030600978641278753,0.9693990213587212
0,0,0.9999479833167474,5.201668325261978e-05
0,0,0.9998316326831558,0.00016836731684417603
0,0,0.9999996103369059,3.896630941344082e-07
0,0,0.500140429125617,0.49985957087438304
0,0,0.9998437609930806,0.00015623900691941596
0,1,0.4430376391743829,0.5569623608256171
0,0,0.9954659612734118,0.004534038726588176
0,0,0.999820830373971,0.00017916962602904332
0,0,0.999837218767785,0.00016278123221505654
0,0,0.9998316326831558,0.00016836731684417603
0,0,0.9956946722965012,0.004305327703498801
0,1,0.2888792993961943,0.7111207006038057
0,0,0.8313396438795209,0.16866035612047908
0,1,0.4325044018682469,0.5674955981317531
0,0,0.9979662316613751,0.0020337683386249137
0,0,0.9998756903142131,0.0001243096857868907
0,0,0.9232096906839047,0.0767903093160953
0,0,0.9998316326831558,0.00016836731684417603
0,0,0.9192353116311144,0.08076468836888566
0,1,0.21478337891758914,0.7852166210824109
0,1,0.17964359257399953,0.8203564074260005
0,0,0.8641018794579234,0.1358981205420766
0,0,0.9804798217823922,0.019520178217607733
0,0,0.9421138254071483,0.057886174592851766
0,0,0.9886352216202076,0.011364778379792443
0,0,0.9999998796284864,1.2037151359767388e-07
0,0,0.9991363579095278,0.0008636420904721291
0,0,0.9500620728770394,0.04993792712296063
0,0,0.9445499688374992,0.05545003116250085
0,0,0.5492449889844082,0.45075501101559173
0,0,0.9999890538326296,1.094616737041155e-05
0,0,0.997640060439327,0.002359939560673045
0,0,0.999933856427298,6.614357270200148e-05
0,0,0.8989903161233653,0.10100968387663467
0,0,0.9851328369776587,0.014867163022341296
0,0,0.9988204709531924,0.001179529046807625
0,0,0.8148830852539686,0.18511691474603137
0,0,0.9066335581023911,0.09336644189760891
0,0,0.999333588227425,0.000666411772574966
0,0,0.9981511420985711,0.001848857901428875
0,0,0.9651548243020205,0.034845175697979555
0,0,0.9999985800146961,1.4199853038612007e-06
0,0,0.9997585736271924,0.0002414263728075911
0,0,0.5977031954530105,0.4022968045469894
0,0,0.9998862963410955,0.00011370365890449384
0,0,0.9996801402649844,0.000319859735015556
0,1,0.3403204133532096,0.6596795866467904
0,0,0.9998059514617869,0.00019404853821312516
0,0,0.9999997689350559,2.3106494404779134e-07
0,1,0.29177535846394687,0.7082246415360531
0,0,0.999295578690517,0.0007044213094829727
0,0,0.9251246663404686,0.0748753336595313
0,0,0.999996973037598,3.0269624019123547e-06
0,1,0.1563469019492354,0.8436530980507646
0,0,0.999784082328459,0.0002159176715410778
0,0,0.5383372804702333,0.4616627195297667
0,0,0.9999183485659673,8.165143403268095e-05
0,0,0.9998059514617869,0.00019404853821312516
0,0,0.6351436589416115,0.36485634105838843
0,0,0.8762832468240025,0.1237167531759975
0,0,0.999999366512877,6.334871229558042e-07
0,0,0.7311580570065432,0.26884194299345676
0,0,0.8979410895321381,0.10205891046786186
0,0,0.9998928144088679,0.00010718559113213373
0,0,0.5261540895381017,0.4738459104618983
0,0,0.8224667480335128,0.17753325196648723
0,0,0.9992690345137588,0.0007309654862411542
0,0,0.8560866454468521,0.14391335455314788
0,0,0.5723057592775258,0.4276942407224742
0,0,0.9999995895335395,4.1046646053820497e-07
0,1,0.06960540562655937,0.9303945943734406
0,0,0.999957322541832,4.267745816795614e-05
0,0,0.7515366956261857,0.24846330437381425
0,0,0.9999936330669705,6.366933029476506e-06
0,0,0.9637866866404803,0.036213313359519717
0,0,0.5461380921509765,0.45386190784902347
0,0,0.984552033614661,0.015447966385338954
0,0,0.9750861978869195,0.024913802113080488
0,1,0.4004838062680456,0.5995161937319544
0,0,0.698931790526939,0.30106820947306107
0,0,0.9789082455795147,0.021091754420485297
0,0,0.9998843872599514,0.00011561274004856456
0,0,0.999158539764475,0.0008414602355249848
0,0,0.9989175752382925,0.0010824247617074742
0,0,0.9998974661088054,0.00010253389119466643
0,0,0.757112185216787,0.24288781478321303
0,0,0.9998253670202799,0.0001746329797200465
0,0,0.9997719101495582,0.00022808985044180813
0,0,0.999457726359539,0.0005422736404610458
0,0,0.9999996822234738,3.1777652617510974e-07
0,0,0.9999075909670839,9.24090329161156e-05
0,0,0.99999639270838,3.607291619995125e-06
0,0,0.8677258018657121,0.1322741981342879
0,1,0.048815247975138476,0.9511847520248615
0,0,0.9999978547319719,2.145268028150221e-06
0,0,0.999742944960855,0.00025705503914501385
0,0,0.533884516947964,0.466115483052036
0,0,0.813885150871622,0.18611484912837792
0,0,0.9851489323272019,0.01485106767279811
0,0,0.9999998427754839,1.5722451606806955e-07
0,0,0.666502344754839,0.3334976552451609
0,0,0.7800319019162054,0.21996809808379453
0,0,0.988026908894583,0.01197309110541702
0,0,0.9999680034812459,3.199651875406993e-05
0,0,0.9999400481001594,5.995189984070434e-05
0,1,0.4155314914007555,0.5844685085992445
0,0,0.6029937748972214,0.3970062251027786
0,0,0.9717037080266652,0.02829629197333484
0,0,0.9999549201084986,4.50798915014219e-05
0,0,0.9999992698678215,7.301321785284482e-07
0,1,0.4357858723399505,0.5642141276600495
0,0,0.8693480983894638,0.13065190161053622
0,0,0.9999996387565069,3.6124349313191944e-07
0,0,0.9536306728059075,0.04636932719409244
0,0,0.9999996387565069,3.6124349313191944e-07
0,0,0.6867613744385619,0.3132386255614381
0,0,0.9999996103369059,3.896630941344082e-07
0,0,0.9362441730241435,0.0637558269758565
0,0,0.9546537106258111,0.045346289374188956
0,0,0.9617498365261722,0.038250163473827786
0,0,0.7041292088453539,0.29587079115464615
0,1,0.07402941130880147,0.9259705886911985
0,0,0.998131378463415,0.0018686215365850071
0,1,0.25196007960476097,0.748039920395239
0,0,0.9556592161939428,0.04434078380605717
0,1,0.2994900497747237,0.7005099502252763
0,0,0.9878539789371076,0.0121460210628924
0,0,0.9207841269063963,0.07921587309360362
0,0,0.9999998427754839,1.5722451606806955e-07
0,0,0.9999582078190096,4.179218099041712e-05
0,0,0.8206554059374561,0.17934459406254388
0,1,0.2692757153819936,0.7307242846180064
0,1,0.2688763302453884,0.7311236697546116
0,0,0.789415046869422,0.210584953130578
0,0,0.9789082455795147,0.021091754420485297
0,0,0.999622676879257,0.0003773231207430255
0,0,0.9826229001590351,0.017377099840964926
0,0,0.9999996387565069,3.6124349313191944e-07
0,0,0.999918441941654,8.155805834602039e-05
0,0,0.9999549201084986,4.50798915014219e-05
0,0,0.9999102850899901,8.971491000991585e-05
0,0,0.8219668282965248,0.17803317170347524
0,0,0.7465453387962561,0.25345466120374394
0,0,0.9999996613131682,3.3868683178275454e-07
0,0,0.9999996387565069,3.6124349313191944e-07
0,0,0.9460584932138744,0.05394150678612563
0,0,0.9620925898492265,0.037907410150773486
0,0,0.9999738975810574,2.6102418942672798e-05
0,0,0.9997792055744226,0.00022079442557746532
0,0,0.9963556118994097,0.0036443881005903543
0,1,0.4932718716182728,0.5067281283817272
0,1,0.22339601202734005,0.77660398797266
0,0,0.944964282142116,0.055035717857883935
0,0,0.9999990131794528,9.86820547196827e-07
0,0,0.9156386953353634,0.08436130466463662
0,0,0.9999553477486348,4.465225136521007e-05
0,0,0.8737078949991981,0.1262921050008019
0,0,0.9999998304063781,1.695936219004056e-07
0,0,0.9999264869311474,7.351306885257952e-05
0,1,0.2858014145363258,0.7141985854636742
0,0,0.992777158033939,0.007222841966061065
0,0,0.6402168649427682,0.35978313505723175
0,0,0.75968336017516,0.24031663982483994
0,0,0.9999998304063781,1.695936219004056e-07
0,0,0.6866735377014674,0.31332646229853256
0,0,0.9097727248259435,0.09022727517405649
0,0,0.9998059514617869,0.00019404853821312516
0,0,0.9975959960296812,0.0024040039703188644
0,0,0.9999996822234738,3.1777652617510974e-07
0,0,0.9999996103369059,3.896630941344082e-07
0,0,0.9997010731244738,0.00029892687552621016
0,0,0.9069789664931076,0.09302103350689238
0,1,0.23260690375144277,0.7673930962485572
0,0,0.99992671430105,7.328569895007429e-05
0,0,0.8270299642379492,0.17297003576205086
0,1,0.23750162929525365,0.7624983707047464
0,0,0.9126168879849275,0.08738311201507251
0,1,0.13001798186874003,0.86998201813126
0,0,0.9209265850083335,0.07907341499166658
0,0,0.9996070588326234,0.00039294116737664613
0,0,0.9890483345334178,0.010951665466582178
0,1,0.20171051959970654,0.7982894804002935
0,0,0.9242134311806681,0.07578656881933184
0,0,0.9391631300455506,0.06083686995444932
0,0,0.9999582078190096,4.179218099041712e-05
0,0,0.9999409107000323,5.9089299967690515e-05
0,0,0.965886310802275,0.034113689197724936
0,0,0.999970337039813,2.9662960187048132e-05
0,0,0.9975164780768826,0.0024835219231174165
0,1,0.0578813000555195,0.9421186999444805
0,0,0.6982107486820467,0.3017892513179533
0,0,0.9998253670202799,0.0001746329797200465
0,0,0.9999318481534127,6.815184658722483e-05
0,0,0.9408527552133131,0.05914724478668685
0,0,0.9998964292042437,0.0001035707957562374
0,0,0.9427149981063376,0.05728500189366241
0,0,0.9999276401078516,7.235989214834842e-05
0,0,0.9999397985186783,6.0201481321632516e-05
0,0,0.8024881559959138,0.19751184400408622
0,1,0.4995678214349393,0.5004321785650607
0,1,0.18500509019677158,0.8149949098032284
0,0,0.9999997242864618,2.757135382356461e-07
0,0,0.9932201587652493,0.006779841234750729
0,0,0.999999366512877,6.334871229558042e-07
0,0,0.843199115700924,0.15680088429907607
0,0,0.5723057592775258,0.4276942407224742
0,0,0.9514703369781037,0.04852966302189631
0,0,0.9993996942846607,0.0006003057153393484
0,1,0.46658325558089475,0.5334167444191052
0,1,0.4798010717202742,0.5201989282797258
0,0,0.6738603485653509,0.32613965143464907
0,0,0.5074151366509958,0.4925848633490042
0,0,0.9958562749204951,0.004143725079504904
0,0,0.9982202016325988,0.0017797983674011403
0,1,0.40391587967636466,0.5960841203236353
0,0,0.9822265247242674,0.017773475275732534
0,1,0.312350319742015,0.687649680257985
0,0,0.9662610339266519,0.03373896607334813
0,0,0.8619986443507519,0.13800135564924804
0,0,0.9301309052671305,0.06986909473286951
0,0,0.9927269396975572,0.007273060302442782
0,0,0.9999039822909384,9.60177090616773e-05
0,0,0.9999997242864618,2.757135382356461e-07
0,0,0.792977344844455,0.20702265515554497
0,1,0.3343593256780011,0.6656406743219989
0,0,0.6728941811944105,0.3271058188055896
0,0,0.9999318481534127,6.815184658722483e-05
0,0,0.9550683549471509,0.044931645052849044
0,0,0.7846106348868205,0.21538936511317958
0,0,0.9744745705996828,0.025525429400317202
0,0,0.9999804570951027,1.95429048972246e-05
0,0,0.9173796101588313,0.08262038984116866
0,0,0.9999998427754839,1.5722451606806955e-07
0,0,0.9975349224072527,0.002465077592747276
0,1,0.48424255683154027,0.5157574431684597
0,0,0.9746771363999668,0.02532286360003327
0,0,0.998728986801665,0.0012710131983349657
0,0,0.9998991911349319,0.00010080886506817958
0,1,0.3873224557082211,0.6126775442917789
0,0,0.9458772141446257,0.05412278585537436
0,0,0.999744860416753,0.00025513958324698997
0,0,0.6986205783463442,0.3013794216536559
0,0,0.7929297718376747,0.20707022816232534
0,1,0.25475321114076355,0.7452467888592365
0,0,0.9998313328855307,0.00016866711446929963
0,1,0.4766693727000497,0.5233306272999503
0,0,0.7455063140718314,0.2544936859281686
0,0,0.9913247098736863,0.00867529012631372
0,1,0.3039005498505363,0.6960994501494637
0,1,0.34480990306104653,0.6551900969389535
0,0,0.999675446920885,0.0003245530791150326
0,0,0.672881065415998,0.32711893458400193
0,0,0.9906793180988317,0.009320681901168288
0,1,0.0074197110164048174,0.9925802889835952
0,0,0.6187293719480166,0.3812706280519834
0,0,0.9999813967228292,1.8603277170883008e-05
0,1,0.33665715278214425,0.6633428472178557
0,0,0.999999006036001,9.939639990354063e-07
0,0,0.994689307010063,0.005310692989937058
0,0,0.9724878857094859,0.02751211429051419
0,0,0.9126168879849275,0.08738311201507251
0,0,0.9998365086748631,0.00016349132513689103
0,0,0.9999582078190096,4.179218099041712e-05
0,0,0.5455491204664664,0.4544508795335335
0,0,0.8870336274168285,0.11296637258317149
0,0,0.751882104954923,0.248117895045077
0,1,0.11037897166118282,0.8896210283388172
0,1,0.23847870704981933,0.7615212929501807
0,0,0.999837218767785,0.00016278123221505654
0,0,0.6219584825218117,0.37804151747818826
0,0,0.6820603136937724,0.31793968630622765
0,0,0.5563300361784826,0.44366996382151735
0,1,0.28024324676098933,0.7197567532390107
0,0,0.9998059514617869,0.00019404853821312516
0,1,0.2351591496987232,0.7648408503012768
0,0,0.6892469297731525,0.31075307022684756
0,0,0.9499989313725584,0.05000106862744162
0,0,0.9990682251789964,0.0009317748210036137
0,0,0.9999998304063781,1.695936219004056e-07
0,0,0.9975717285501102,0.0024282714498897193
0,0,0.9997570294289458,0.00024297057105417678
0,0,0.9066335581023911,0.09336644189760891
0,0,0.845664710857558,0.154335289142442
0,0,0.9870688074446696,0.012931192555330397
0,0,0.9998733587173114,0.00012664128268859048
0,0,0.9999385813397197,6.141866028035264e-05
0,0,0.9999850841107725,1.4915889227559058e-05
0,0,0.9999997475187553,2.5248124472688313e-07
0,0,0.623293502208948,0.37670649779105203
0,0,0.7903629495387856,0.2096370504612144
0,1,0.08230634750897536,0.9176936524910246
0,0,0.9915089411914229,0.008491058808577173
0,0,0.9999997436022182,2.5639778180951774e-07
0,0,0.9998760161392745,0.0001239838607255366
0,0,0.9995643485179403,0.0004356514820597118
0,1,0.1039892663911659,0.8960107336088341
0,0,0.9943921117319919,0.005607888268008074
0,0,0.948936665859175,0.051063334140825006
0,0,0.5465155843775614,0.4534844156224386
0,0,0.9998478199511146,0.00015218004888535068
0,0,0.9999995658191433,4.3418085673772755e-07
0,0,0.9999998304063781,1.695936219004056e-07
0,1,0.4097787846423121,0.5902212153576879
0,0,0.999970337039813,2.9662960187048132e-05
0,0,0.7251874350733145,0.2748125649266855
0,1,0.24858272589679586,0.7514172741032041
0,0,0.9999997735145153,2.26485484718405e-07
0,0,0.9998927496578802,0.00010725034211980282
0,0,0.8363881645580667,0.16361183544193322
0,0,0.9998316326831558,0.00016836731684417603
0,0,0.9999996113726566,3.886273434599361e-07
0,0,0.920107436838787,0.07989256316121293
0,0,0.9987468256374498,0.001253174362550257
0,1,0.04438854378039403,0.955611456219606
0,0,0.9999992698678215,7.301321785284482e-07
0,0,0.7213111600301534,0.27868883996984656
0,0,0.843199115700924,0.15680088429907607
0,1,0.23630915858858415,0.7636908414114159
0,0,0.9994732411100525,0.0005267588899474317
0,1,0.44714776938669065,0.5528522306133093
0,0,0.9776346720596438,0.022365327940356217
0,0,0.8803901603705999,0.11960983962940004
0,0,0.9998922094222887,0.00010779057771123249
0,0,0.9998316326831558,0.00016836731684417603
0,0,0.9850448116512509,0.014955188348749107
0,1,0.3352854745042022,0.6647145254957978
0,0,0.9999994817780954,5.18221904628313e-07
0,1,0.053493523176278424,0.9465064768237216
0,0,0.9998059514617869,0.00019404853821312516
0,1,0.0528455999909615,0.9471544000090385
0,0,0.7577440472267711,0.2422559527732288
0,0,0.6055054986992643,0.39449450130073566
0,0,0.9998964292042437,0.0001035707957562374
0,1,0.4370132926717609,0.5629867073282391
0,1,0.4472307543423193,0.5527692456576807
0,0,0.999781172041576,0.00021882795842400606
0,1,0.3923334743033643,0.6076665256966357
0,0,0.9676789851380827,0.0323210148619173
0,0,0.9960112568836518,0.003988743116348192
0,0,0.7953059446500358,0.20469405534996424
0,0,0.9999582078190096,4.179218099041712e-05
0,0,0.9710335901949979,0.0289664098050021
0,0,0.9999998427754839,1.5722451606806955e-07
0,0,0.9999996387565069,3.6124349313191944e-07
0,0,0.9990701794525717,0.0009298205474282965
0,0,0.9315895004863948,0.06841049951360524
0,0,0.9999998525928534,1.4740714659145253e-07
0,0,0.9999992698678215,7.301321785284482e-07
0,0,0.5512705675214806,0.4487294324785194
0,1,0.3033669036017731,0.6966330963982269
0,0,0.9621104417724522,0.03788955822754786
0,0,0.9997063062940921,0.0002936937059079387
0,0,0.7070064067236187,0.2929935932763813
0,0,0.9920837216576434,0.007916278342356625
0,1,0.03629255279172805,0.963707447208272
0,0,0.9890001240866917,0.01099987591330835
0,0,0.5945406726007523,0.40545932739924767
0,0,0.543812707376341,0.45618729262365904
0,0,0.999607778938201,0.0003922210617990823
0,0,0.999970337039813,2.9662960187048132e-05
0,0,0.9909280807101971,0.00907191928980291
0,1,0.2434091375731905,0.7565908624268095
0,0,0.9998444475401931,0.00015555245980689353
0,0,0.9999452693228797,5.473067712020041e-05
0,0,0.999999366512877,6.334871229558042e-07
0,0,0.9999549201084986,4.50798915014219e-05
0,0,0.9921499505562946,0.007850049443705374
0,0,0.9999993875340984,6.124659015648136e-07
0,0,0.8437582787013425,0.15624172129865754
0,0,0.9990239975020228,0.0009760024979771987
0,0,0.865084335404998,0.13491566459500207
0,0,0.9996916150555559,0.00030838494444406054
0,0,0.8988255571083468,0.10117444289165325
0,0,0.8963772402535745,0.10362275974642554
0,0,0.9576706489169163,0.04232935108308364
0,0,0.9991976604581256,0.0008023395418744138
0,1,0.2938715977529869,0.7061284022470131
0,0,0.9795642562509229,0.020435743749077043
0,0,0.9997387897457011,0.0002612102542989252
0,0,0.9999996822234738,3.1777652617510974e-07
0,0,0.983331054476281,0.01666894552371904
0,0,0.999859422159907,0.0001405778400930022
0,0,0.9871671673479862,0.01283283265201387
0,0,0.8790103387955392,0.1209896612044608
0,0,0.9999997436022182,2.5639778180951774e-07
0,1,0.3215262172962726,0.6784737827037274
0,0,0.9998316326831558,0.00016836731684417603
0,0,0.994689307010063,0.005310692989937058
0,0,0.5694770812781013,0.43052291872189874
0,1,0.41026098908304254,0.5897390109169575
0,0,0.6275904817019899,0.37240951829801
0,0,0.9999998043083427,1.9569165731049504e-07
0,0,0.9999549201084986,4.50798915014219e-05
0,0,0.9999996387565069,3.6124349313191944e-07
0,1,0.40759170034923964,0.5924082996507604
0,0,0.9992517153857007,0.0007482846142993211
0,0,0.999433222072594,0.0005667779274059692
0,0,0.9999039822909384,9.60177090616773e-05
0,0,0.9999379141616578,6.208583834216661e-05
0,0,0.9997805974148279,0.00021940258517201265
0,0,0.9181714768973781,0.08182852310262187
0,0,0.9999409400987325,5.9059901267563535e-05
0,0,0.7929297718376747,0.20707022816232534
0,0,0.5315106894029482,0.4684893105970518
0,0,0.9686638890753015,0.03133611092469842
0,1,0.2658908317984795,0.7341091682015205
0,0,0.9970563565570507,0.0029436434429492403
0,0,0.9999998427754839,1.5722451606806955e-07
0,0,0.979584295369901,0.02041570463009896
0,0,0.9342055333795252,0.06579446662047483
0,0,0.865084335404998,0.13491566459500207
0,0,0.9626311724055804,0.037368827594419604
0,1,0.29576935404413307,0.7042306459558669
0,1,0.12018750869306605,0.879812491306934
0,0,0.8613657205315679,0.13863427946843213
0,0,0.9736093737343078,0.02639062626569224
0,0,0.7933869568756575,0.20661304312434242
0,0,0.9998819513104997,0.00011804868950023264
0,0,0.9982961976892177,0.001703802310782211
0,0,0.9679996480903351,0.03200035190966491
0,0,0.9837530005088054,0.016246999491194604
0,0,0.9080940521815278,0.09190594781847214
0,0,0.9999998427754839,1.5722451606806955e-07
0,0,0.9987208656417423,0.001279134358257664
0,0,0.998556649749918,0.0014433502500819707
0,0,0.9964948304440615,0.0035051695559384444
0,0,0.9999423322085266,5.766779147340433e-05
0,0,0.9993507407898192,0.0006492592101808045
0,0,0.9939382469606741,0.006061753039325845
0,0,0.9744554922334602,0.025544507766539874
0,0,0.999999366512877,6.334871229558042e-07
0,0,0.9999998304063781,1.695936219004056e-07
0,0,0.9999346070678797,6.539293212024849e-05
0,1,0.4681238634720263,0.5318761365279737
0,1,0.2842732452292779,0.7157267547707221
0,0,0.9251246663404686,0.0748753336595313
0,0,0.7207432482856522,0.2792567517143479
0,1,0.4578743075779018,0.5421256924220982
0,0,0.9890221084486666,0.010977891551333429
0,0,0.9999996387565069,3.6124349313191944e-07
0,0,0.500140429125617,0.49985957087438304
0,0,0.999859422159907,0.0001405778400930022
0,0,0.9994540959768332,0.0005459040231668119
0,0,0.9998964292042437,0.0001035707957562374
0,0,0.7277640769620701,0.2722359230379299
0,0,0.9999999438870952,5.611290479145791e-08
0,1,0.39377810543747693,0.6062218945625231
0,1,0.3066336376462512,0.6933663623537488
0,0,0.9999680539802228,3.1946019777169725e-05
0,0,0.9917494848116737,0.00825051518832633
0,0,0.9996335960208554,0.0003664039791445706
0,0,0.9998059514617869,0.00019404853821312516
0,0,0.9998289417338649,0.00017105826613510682
0,0,0.9999525134927172,4.748650728284685e-05
0,1,0.29581720086413965,0.7041827991358603
0,1,0.09655959423683569,0.9034404057631643
0,0,0.8300128695116255,0.16998713048837455
0,1,0.15405189993372237,0.8459481000662776
0,0,0.9997518651800978,0.0002481348199021111
0,1,0.30191281346225185,0.6980871865377481
0,0,0.655598398173025,0.344401601826975
0,1,0.3899847362496379,0.6100152637503621
0,0,0.999999366512877,6.334871229558042e-07
0,0,0.9999549201084986,4.50798915014219e-05
0,0,0.7350371925126483,0.2649628074873517
0,1,0.339845475671277,0.660154524328723
0,0,0.9999981743285105,1.8256714894918474e-06
0,1,0.2982322409316275,0.7017677590683725
0,0,0.9999337607827271,6.623921727293275e-05
0,0,0.938741356664436,0.06125864333556397
0,0,0.987325310957805,0.012674689042194997
0,0,0.5756726958591893,0.4243273041408106
0,0,0.9999998304063781,1.695936219004056e-07
0,0,0.9992806334160087,0.0007193665839913041
0,0,0.9999998043083427,1.9569165731049504e-07
0,1,0.14653723374128869,0.8534627662587113
0,0,0.8624116344024542,0.1375883655975458
0,0,0.9989780904163642,0.0010219095836357644
0,1,0.3634071278484021,0.6365928721515979
0,0,0.5741933077463128,0.4258066922536872
0,0,0.9999975282050648,2.4717949351670926e-06
0,0,0.9998582846063193,0.0001417153936807362
0,0,0.8921550768406252,0.10784492315937474
0,1,0.12771997390855538,0.8722800260914446
0,1,0.13975030736834781,0.8602496926316522
0,0,0.9995877951358608,0.00041220486413914224
0,0,0.9998443768701711,0.00015562312982885
0,0,0.9995622498862171,0.00043775011378283834
0,1,0.3039005498505363,0.6960994501494637
0,0,0.9994442289744881,0.0005557710255118404
0,0,0.9999608172928786,3.9182707121396693e-05
0,0,0.9999997659331683,2.3406683172163072e-07
0,0,0.9999997313270084,2.6867299166905066e-07
0,0,0.9989392835622212,0.0010607164377788795
0,1,0.43013478234303826,0.5698652176569617
0,0,0.8072985061624779,0.19270149383752208
0,0,0.7582683365508566,0.2417316634491434
0,0,0.9880508556620331,0.01194914433796691
0,0,0.9998348678285917,0.00016513217140829418
0,0,0.9999903305990551,9.669400944891086e-06
0,0,0.9536306728059075,0.04636932719409244
0,1,0.24439811425499403,0.755601885745006
0,0,0.9998316326831558,0.00016836731684417603
0,0,0.9999264869311474,7.351306885257952e-05
0,1,0.36731332568052444,0.6326866743194756
0,1,0.4004911263426266,0.5995088736573734
0,1,0.48720646288672487,0.5127935371132751
0,0,0.9999999353264817,6.467351828178041e-08
0,0,0.9999986546720775,1.3453279224986704e-06
0,1,0.4235347357391137,0.5764652642608863
0,0,0.5798367144595711,0.420163285540429
0,1,0.2786058654858742,0.7213941345141258
0,0,0.9999998514042782,1.4859572188433512e-07
0,0,0.9988267114512901,0.0011732885487099529
0,0,0.9993397387480952,0.0006602612519047244
0,1,0.4223182514893744,0.5776817485106256
0,0,0.8219106373430773,0.1780893626569227
0,0,0.9965541225976375,0.003445877402362479
0,0,0.9999996822234738,3.1777652617510974e-07
0,1,0.2125396557768532,0.7874603442231468
0,0,0.9999993735345577,6.26465442272532e-07
0,0,0.6340249186839256,0.36597508131607437
0,0,0.9909414080397533,0.009058591960246736
0,1,0.4004911263426266,0.5995088736573734
0,0,0.999732036097759,0.00026796390224100816
0,0,0.9858146997357444,0.014185300264255563
0,0,0.5795636694006094,0.4204363305993905
0,0,0.9997667952423592,0.00023320475764080403
0,0,0.9992726923219198,0.0007273076780801408
0,0,0.999999723795439,2.762045609993e-07
0,0,0.9999988871530899,1.1128469101150164e-06
0,0,0.8111322744089631,0.18886772559103687
0,0,0.9999981820513499,1.8179486500601718e-06
0,0,0.9993725876528862,0.0006274123471137909
0,0,0.9575495504511526,0.04245044954884737
0,0,0.998728986801665,0.0012710131983349657
0,1,0.41256971949706567,0.5874302805029343
0,1,0.40271669231182694,0.5972833076881731
0,0,0.9257318882342127,0.07426811176578724
0,0,0.9999850841107725,1.4915889227559058e-05
0,0,0.9999977085104195,2.2914895804884283e-06
0,0,0.776355469254302,0.22364453074569807
0,1,0.053927888817756675,0.9460721111822433
0,0,0.9998316326831558,0.00016836731684417603
0,1,0.02329642999167647,0.9767035700083235
0,1,0.4388928043487551,0.5611071956512449
0,1,0.12584493241490602,0.874155067585094
0,0,0.999835742154993,0.000164257845006925
0,0,0.9998059514617869,0.00019404853821312516
0,0,0.6996759831667461,0.30032401683325394
0,0,0.9996142665535438,0.00038573344645616503
0,0,0.776355469254302,0.22364453074569807
0,0,0.9945890576835665,0.005410942316433485
0,0,0.9234778732440685,0.07652212675593156
0,0,0.9993998429424443,0.0006001570575556394
0,0,0.9729254093832422,0.02707459061675774
0,0,0.8989903161233653,0.10100968387663467
0,0,0.6331037433078746,0.3668962566921254
0,0,0.9999729602515669,2.7039748433154634e-05
0,0,0.9643147674878053,0.035685232512194714
0,1,0.02400735431976031,0.9759926456802397
0,0,0.6824400705235477,0.3175599294764523
0,0,0.5855626173091835,0.41443738269081654
0,1,0.3760049514474654,0.6239950485525346
0,0,0.9999789196554574,2.108034454257945e-05
0,0,0.6419891704347673,0.35801082956523267
0,0,0.9999997242864618,2.757135382356461e-07
0,0,0.9999992698678215,7.301321785284482e-07
0,0,0.9981453790523585,0.0018546209476415258
0,0,0.9999995834172851,4.165827149167187e-07
0,0,0.9915713858524318,0.008428614147568203
0,0,0.9999610696924356,3.8930307564427426e-05
0,0,0.9999999438870952,5.611290479145791e-08
0,0,0.9999155347409298,8.446525907027321e-05
0,0,0.8964370161111986,0.10356298388880134
0,1,0.13011088171102403,0.869889118288976
0,0,0.9999984858119209,1.5141880791802854e-06
0,0,0.9999951406951694,4.85930483067189e-06
0,0,0.6570024346471612,0.34299756535283876
0,0,0.8605286711480018,0.1394713288519982
0,0,0.999984046271353,1.595372864705909e-05
0,0,0.9154655235111802,0.0845344764888198
0,0,0.7214065545039805,0.27859344549601955
0,0,0.9920005540366198,0.007999445963380251
0,0,0.971894513381912,0.028105486618088017
0,1,0.11933711560612303,0.880662884393877
0,0,0.9998769431911247,0.00012305680887528115
0,1,0.37537326654298464,0.6246267334570154
0,1,0.15641346271607426,0.8435865372839257
0,1,0.44044824117769854,0.5595517588223015
0,0,0.9992840744440268,0.0007159255559731873
0,0,0.9015523598598093,0.09844764014019072
0,0,0.9999997242864618,2.757135382356461e-07
0,0,0.7817093486260057,0.21829065137399425
0,0,0.9979460201575577,0.0020539798424422605
0,1,0.49720207977177966,0.5027979202282203
0,0,0.9971843442624329,0.002815655737567161
0,0,0.9998702930391713,0.00012970696082873436
0,1,0.4431721827581532,0.5568278172418468
0,0,0.9999877224711012,1.22775288987976e-05
0,0,0.9925248724780658,0.007475127521934215
0,0,0.9337840695708122,0.06621593042918779
0,0,0.9914975286951554,0.008502471304844642
0,0,0.9998964292042437,0.0001035707957562374
0,0,0.9991533950214632,0.0008466049785368369
0,0,0.8681662952198166,0.13183370478018339
0,0,0.9999997242864618,2.757135382356461e-07
0,0,0.9999992698678215,7.301321785284482e-07
0,0,0.996771760208325,0.0032282397916750085
0,0,0.9997349567450097,0.0002650432549903321
0,0,0.9999400481001594,5.995189984070434e-05
0,0,0.9989582781461098,0.0010417218538902226
0,0,0.9998059514617869,0.00019404853821312516
0,0,0.9999914942217364,8.505778263605022e-06
0,1,0.4460433740663463,0.5539566259336537
0,0,0.757112185216787,0.24288781478321303
0,0,0.5992248335296941,0.40077516647030587
0,0,0.999998325122399,1.6748776010027889e-06
0,0,0.999989590852384,1.0409147615956466e-05
0,0,0.8966283087180722,0.10337169128192783
0,0,0.9997196518321463,0.0002803481678536944
0,1,0.33665715278214425,0.6633428472178557
0,0,0.9014769355299105,0.09852306447008953
0,0,0.9441706745835947,0.0558293254164053
0,0,0.9998964292042437,0.0001035707957562374
0,1,0.12733526352432067,0.8726647364756793
0,0,0.8523009613918663,0.14769903860813371
0,0,0.9971843442624329,0.002815655737567161
0,0,0.6388243310548102,0.3611756689451898
0,0,0.9216372634136377,0.07836273658636224
0,0,0.954446868167627,0.045553131832373014
0,0,0.945545927310387,0.05445407268961297
0,0,0.6692591201668702,0.33074087983312983
0,0,0.9995261273132215,0.000473872686778413
0,0,0.939450356044964,0.06054964395503606
0,0,0.9890001240866917,0.01099987591330835
0,0,0.9999155347409298,8.446525907027321e-05
0,1,0.20816349991861793,0.7918365000813821
0,0,0.9998845979323573,0.000115402067642733
0,0,0.7246456060375164,0.2753543939624836
0,1,0.152660389252102,0.847339610747898
0,0,0.8619986443507519,0.13800135564924804
0,0,0.9999997242864618,2.757135382356461e-07
0,1,0.46269045584699064,0.5373095441530094
0,0,0.9999996562283266,3.4377167337143045e-07
0,0,0.9998964292042437,0.0001035707957562374
0,1,0.08919862799704115,0.9108013720029589
0,0,0.9963556118994097,0.0036443881005903543
0,0,0.9926762058432922,0.007323794156707819
0,1,0.2674146323525082,0.7325853676474918
0,0,0.9999967714813841,3.2285186159478103e-06
0,1,0.34480990306104653,0.6551900969389535
0,0,0.9997989145504591,0.00020108544954085467
0,0,0.9294015277125506,0.07059847228744942
0,0,0.6727046437697621,0.3272953562302378
0,0,0.9989392835622212,0.0010607164377788795
0,0,0.698931790526939,0.30106820947306107
0,0,0.9967583388266155,0.0032416611733845435
0,0,0.9999996397167163,3.602832836383918e-07
0,0,0.6463502851246135,0.3536497148753866
0,0,0.9739546409156655,0.026045359084334446
0,0,0.999508070582306,0.0004919294176940214
0,0,0.9999996387565069,3.6124349313191944e-07
0,1,0.37297956876133176,0.6270204312386682
0,0,0.6984941130695757,0.3015058869304243
0,1,0.3067287346993359,0.6932712653006641
0,0,0.9982202016325988,0.0017797983674011403
0,1,0.15967212652098872,0.8403278734790113
0,0,0.988453738324993,0.011546261675007038
0,0,0.999999006036001,9.939639990354063e-07
0,1,0.29204372140012513,0.7079562785998749
0,0,0.9998964292042437,0.0001035707957562374
0,0,0.9999582078190096,4.179218099041712e-05
0,0,0.6048296882810488,0.39517031171895123
0,0,0.9997063062940921,0.0002936937059079387
0,0,0.9995508959150554,0.00044910408494463816
0,0,0.9999996387565069,3.6124349313191944e-07
0,0,0.9251987750297379,0.07480122497026209
0,0,0.7308042927115221,0.2691957072884779
0,0,0.8252940424551307,0.17470595754486923
0,0,0.8225778493733898,0.17742215062661013
0,0,0.6518034723051966,0.3481965276948034
0,0,0.7340471472537216,0.2659528527462785
0,0,0.9729254093832422,0.02707459061675774
0,0,0.9999996822234738,3.1777652617510974e-07
0,0,0.9999657294875359,3.4270512464075565e-05
0,0,0.9850231447303724,0.014976855269627578
0,1,0.17094047953875602,0.829059520461244
0,0,0.9995608075436874,0.0004391924563126421
0,0,0.9780385550029996,0.021961444997000333
0,1,0.46163223110129625,0.5383677688987037
0,0,0.9999680034812459,3.199651875406993e-05
0,1,0.2572649828218174,0.7427350171781826
0,0,0.8201164894480379,0.1798835105519621
0,0,0.9997020317104381,0.0002979682895618344
0,0,0.9057702399625577,0.09422976003744234
0,0,0.9897261871975978,0.010273812802402228
0,0,0.9999789196554574,2.108034454257945e-05
0,0,0.8036463380926719,0.1963536619073281
0,0,0.7150738910823928,0.2849261089176072
0,0,0.5017286056688713,0.49827139433112866
0,0,0.7924122041496725,0.20758779585032747
0,0,0.5521917009342636,0.4478082990657364
0,0,0.8316250002254766,0.16837499977452344
0,0,0.9998642112552693,0.00013578874473074888
0,0,0.7096111580883908,0.29038884191160913
0,0,0.9999155347409298,8.446525907027321e-05
0,0,0.8028961783877793,0.19710382161222073
0,1,0.4629017740640813,0.5370982259359187
0,0,0.9983351467270967,0.0016648532729033694
0,0,0.9999155347409298,8.446525907027321e-05
0,0,0.9998845301266239,0.00011546987337606381
0,0,0.9999996387565069,3.6124349313191944e-07
0,0,0.9687332748349927,0.03126672516500725
0,0,0.9634265267253586,0.03657347327464143
0,0,0.9979460201575577,0.0020539798424422605
0,1,0.3218443211076947,0.6781556788923053
0,0,0.9244736532578848,0.07552634674211528
0,0,0.9890001240866917,0.01099987591330835
0,0,0.9991952153540018,0.0008047846459981748
0,0,0.9999039822909384,9.60177090616773e-05
0,1,0.01693121214881521,0.9830687878511848
0,0,0.9998316326831558,0.00016836731684417603
0,0,0.9998671528850772,0.00013284711492279373
0,0,0.6419891704347673,0.35801082956523267
0,0,0.8922133718315677,0.10778662816843229
0,0,0.9996260681479229,0.0003739318520771694
0,0,0.9952104502653661,0.004789549734633875
0,0,0.9999423322085266,5.766779147340433e-05
0,1,0.40391587967636466,0.5960841203236353
0,0,0.8930376086667188,0.10696239133328118
0,0,0.999676962593163,0.0003230374068370232
0,1,0.3063855703101359,0.6936144296898641
0,0,0.9999992698678215,7.301321785284482e-07
0,0,0.9999997940974856,2.059025143794773e-07
0,1,0.1030742198250082,0.8969257801749918
0,0,0.999999366512877,6.334871229558042e-07
0,0,0.9803177211824687,0.01968227881753121
0,0,0.7024669202671897,0.2975330797328103
0,0,0.9983351467270967,0.0016648532729033694
0,0,0.9889156538008267,0.011084346199173312
0,1,0.2353015599228081,0.7646984400771919
0,0,0.9999165424157367,8.345758426329791e-05
0,0,0.9999998304063781,1.695936219004056e-07
0,0,0.9989582781461098,0.0010417218538902226
0,0,0.999392539443178,0.0006074605568220337
0,1,0.24609071591062792,0.7539092840893721
0,0,0.999995963264968,4.036735031984129e-06
0,0,0.9999997242864618,2.757135382356461e-07
0,0,0.9934516824265084,0.006548317573491581
0,0,0.9867138905012763,0.013286109498723706
0,1,0.2900192304083973,0.7099807695916027
0,0,0.9997900809907682,0.00020991900923183853
0,1,0.3039005498505363,0.6960994501494637
0,0,0.9755478825086706,0.024452117491329407
0,0,0.9990890987155536,0.0009109012844463857
0,0,0.9994178582544523,0.0005821417455477447
0,1,0.4473233683438289,0.5526766316561711
0,0,0.9301309052671305,0.06986909473286951
0,0,0.9991445553305845,0.0008554446694154036
0,0,0.9999998304063781,1.695936219004056e-07
0,0,0.9999998304063781,1.695936219004056e-07
0,0,0.6741995852161532,0.3258004147838468
0,1,0.44995956484417987,0.5500404351558201
0,0,0.9994938842834336,0.0005061157165664
0,0,0.698931790526939,0.30106820947306107
0,0,0.8720773258822768,0.12792267411772318
0,0,0.999676962593163,0.0003230374068370232
0,0,0.9999919031859669,8.096814033127052e-06
0,0,0.5300644196970321,0.4699355803029679
0,0,0.9999966065102033,3.3934897966761657e-06
0,0,0.6621962473699132,0.3378037526300867
0,1,0.10061682876156453,0.8993831712384355
0,0,0.9972940219069267,0.0027059780930732934
0,0,0.9999525134927172,4.748650728284685e-05
0,0,0.9989657415045494,0.0010342584954505737
0,0,0.9999162238526325,8.377614736757151e-05
0,0,0.996688267604892,0.0033117323951079225
0,0,0.9999377834666707,6.221653332929165e-05
0,0,0.9998579289352725,0.00014207106472748793
0,0,0.994689307010063,0.005310692989937058
0,0,0.9998316326831558,0.00016836731684417603
0,0,0.7202980717022623,0.27970192829773766
0,0,0.9998334985860171,0.00016650141398287635
0,0,0.9984948971699331,0.001505102830066924
0,0,0.9999850841107725,1.4915889227559058e-05
0,0,0.9999102850899901,8.971491000991585e-05
0,0,0.571633980219961,0.4283660197800389
0,0,0.9990593722448977,0.0009406277551022712
0,0,0.9997042666486596,0.0002957333513404148
0,0,0.9997252372965274,0.0002747627034725847
0,1,0.11711113468324663,0.8828888653167534
0,0,0.9999897252682869,1.0274731713118402e-05
0,0,0.8558119449189319,0.14418805508106813
0,0,0.9999169018748479,8.309812515205724e-05
0,1,0.02159057643803397,0.978409423561966
0,1,0.1289264912755299,0.8710735087244701
0,0,0.9959775766934982,0.004022423306501824
0,0,0.9999816598248873,1.8340175112709053e-05
0,0,0.9999738975810574,2.6102418942672798e-05
0,0,0.9893289178107693,0.01067108218923069
0,0,0.6775741282397151,0.3224258717602849
0,1,0.26759206086231513,0.7324079391376849
0,0,0.9998816498796114,0.00011835012038861365
0,0,0.9999549201084986,4.50798915014219e-05
0,1,0.08463137222596462,0.9153686277740354
0,0,0.9471561583042089,0.05284384169579117
0,0,0.7484856969863872,0.25151430301361277
0,1,0.3664055141276561,0.6335944858723439
0,1,0.36731332568052444,0.6326866743194756
0,0,0.9275593895233616,0.07244061047663847
0,0,0.9998964292042437,0.0001035707957562374
0,0,0.9994683133806415,0.0005316866193585703
0,0,0.999879051532225,0.00012094846777497053
0,0,0.9999997603556899,2.39644310067523e-07
0,0,0.689438810188246,0.3105611898117539
0,0,0.5369196552838629,0.46308034471613707
0,1,0.08091129175908562,0.9190887082409144
0,0,0.9999039822909384,9.60177090616773e-05
0,0,0.999999723430994,2.7656900598261114e-07
0,0,0.9999657294875359,3.4270512464075565e-05
0,0,0.9999377834666707,6.221653332929165e-05
0,1,0.3166443157986558,0.6833556842013442
0,1,0.1568336457771622,0.8431663542228378
0,1,0.037617643565601266,0.9623823564343987
0,1,0.46005457008409323,0.5399454299159068
0,1,0.1279186771030968,0.8720813228969032
0,0,0.9999155347409298,8.446525907027321e-05
0,0,0.5969279833665763,0.40307201663342374
0,0,0.9968508107367889,0.003149189263211024
0,0,0.7648357262420753,0.23516427375792467
0,0,0.9605695068710864,0.03943049312891355
0,0,0.9999219595595725,7.804044042749197e-05
0,0,0.7993259817067322,0.20067401829326778
0,0,0.9999997242864618,2.757135382356461e-07
0,0,0.9999996822234738,3.1777652617510974e-07
0,1,0.10388812400935665,0.8961118759906433
0,1,0.47190184613535013,0.5280981538646499
0,1,0.4960069048787312,0.5039930951212688
0,0,0.9972940219069267,0.0027059780930732934
0,0,0.7055261814595273,0.2944738185404727
0,1,0.3312336669457516,0.6687663330542484
0,1,0.20042064615057598,0.799579353849424
0,1,0.03629255279172805,0.963707447208272
0,0,0.9999992698678215,7.301321785284482e-07
0,0,0.9998573612850437,0.00014263871495633843
0,1,0.19322856342455186,0.8067714365754481
0,0,0.6374823561790636,0.36251764382093643
0,0,0.9939548890912391,0.006045110908760876
0,1,0.30288307246484325,0.6971169275351567
0,0,0.9999997322725509,2.677274491231874e-07
0,0,0.9903785744175663,0.00962142558243371
0,0,0.9715237543933989,0.028476245606601083
0,0,0.9806776619086602,0.019322338091339732
0,0,0.9775159496521209,0.02248405034787914
0,0,0.994008175989035,0.00599182401096498
0,0,0.5299999098901471,0.4700000901098529
0,0,0.9116497782836575,0.08835022171634252
0,0,0.9533777575170111,0.04662224248298888
0,0,0.9989175752382925,0.0010824247617074742
0,0,0.9787113085207585,0.0212886914792415
0,0,0.8659111538184382,0.13408884618156183
0,0,0.8263333281298234,0.17366667187017662
0,0,0.945545927310387,0.05445407268961297
0,1,0.4947420392550994,0.5052579607449006
0,0,0.5264215365700506,0.4735784634299494
0,0,0.9522199503553044,0.047780049644695635
0,0,0.9994102126156731,0.0005897873843269093
0,0,0.7320527649533481,0.2679472350466518
0,0,0.9717037080266652,0.02829629197333484
0,0,0.9999265837948923,7.341620510775268e-05
0,0,0.5608485467838372,0.4391514532161628
0,1,0.2452216464456476,0.7547783535543524
0,1,0.09655959423683569,0.9034404057631643
0,1,0.16603652555629445,0.8339634744437056
0,0,0.9916659613501322,0.00833403864986785
0,0,0.8116879545005122,0.18831204549948777
0,0,0.8074683651177987,0.19253163488220126
0,0,0.9997221489319897,0.00027785106801024145
0,1,0.06567375500772699,0.934326244992273
0,0,0.9998316326831558,0.00016836731684417603
0,0,0.9999509445305592,4.905546944074492e-05
0,0,0.9999996822234738,3.1777652617510974e-07
0,0,0.999999723430994,2.7656900598261114e-07
0,0,0.9999582078190096,4.179218099041712e-05
0,0,0.9975434891526967,0.0024565108473032318
0,0,0.9999998884076376,1.1159236234100907e-07
0,0,0.9998469896289239,0.00015301037107608043
0,1,0.4231186788098089,0.5768813211901911
0,1,0.4365167817659442,0.5634832182340558
0,0,0.907556850856364,0.09244314914363609
0,0,0.9999582078190096,4.179218099041712e-05
0,0,0.958274288520632,0.04172571147936794
0,0,0.9998316326831558,0.00016836731684417603
0,0,0.9991445553305845,0.0008554446694154036
0,0,0.9998104388920896,0.00018956110791039078
0,0,0.9963505002384095,0.003649499761590449
0,0,0.8681662952198166,0.13183370478018339
0,0,0.9999377834666707,6.221653332929165e-05
0,0,0.9957069938006218,0.004293006199378222
0,0,0.9066335581023911,0.09336644189760891
0,0,0.5261540895381017,0.4738459104618983
0,0,0.988829836510255,0.01117016348974502
0,0,0.9999997659331683,2.3406683172163072e-07
0,0,0.9999997242864618,2.757135382356461e-07
0,0,0.9999967714813841,3.2285186159478103e-06
0,0,0.9999964915002618,3.5084997381696608e-06
0,0,0.9474829127684901,0.05251708723150997
0,0,0.9686638890753015,0.03133611092469842
0,0,0.8022798479992312,0.19772015200076878
0,0,0.7391215202347825,0.2608784797652175
0,0,0.9999400481001594,5.995189984070434e-05
0,1,0.1910177450040752,0.8089822549959248
0,0,0.9251246663404686,0.0748753336595313
0,0,0.9999707901354621,2.9209864537869053e-05
0,1,0.3274996066738691,0.6725003933261309
0,0,0.8166737694822129,0.1833262305177871
0,0,0.9775159496521209,0.02248405034787914
0,0,0.9999998710733866,1.2892661337533602e-07
0,0,0.9999724397876253,2.75602123747597e-05
0,0,0.9999288368831819,7.116311681809647e-05
0,0,0.5608485467838372,0.4391514532161628
0,0,0.9169862691993526,0.08301373080064743
0,1,0.4431580132190416,0.5568419867809584
0,0,0.999599116879344,0.00040088312065602693
0,0,0.9992840744440268,0.0007159255559731873
0,0,0.8488197350345269,0.1511802649654731
0,0,0.9999318481534127,6.815184658722483e-05
0,1,0.031398971643134876,0.9686010283568651
0,0,0.9999461594090518,5.3840590948148413e-05
0,0,0.9998828073660172,0.00011719263398277708
0,0,0.9673133214420125,0.03268667855798744
0,1,0.4004911263426266,0.5995088736573734
0,0,0.6463502851246135,0.3536497148753866
0,1,0.053493523176278424,0.9465064768237216
0,0,0.9999821966322991,1.7803367700885953e-05
0,0,0.9982202016325988,0.0017797983674011403
0,1,0.2900192304083973,0.7099807695916027
0,0,0.9906918888649999,0.009308111135000031
0,0,0.9989616162212217,0.001038383778778265
0,0,0.9999903984006285,9.601599371444109e-06
0,0,0.8759342011827062,0.12406579881729388
0,0,0.999999366512877,6.334871229558042e-07
0,0,0.9999533184639667,4.6681536033293316e-05
0,0,0.999676962593163,0.0003230374068370232
1,1,0.4004911263426266,0.5995088736573734
1,1,0.29783743292997955,0.7021625670700204
1,1,0.15823493253613552,0.8417650674638645
1,1,0.33665715278214425,0.6633428472178557
1,1,0.047117406959766295,0.9528825930402337
1,1,0.2605004790592713,0.7394995209407287
1,1,0.052776891103807566,0.9472231088961924
1,1,0.07019894175721197,0.929801058242788
1,1,0.23630915858858415,0.7636908414114159
1,1,0.15823493253613552,0.8417650674638645
1,1,0.19515685411771622,0.8048431458822838
1,1,0.3041404172697193,0.6958595827302807
1,0,0.6242553583739425,0.3757446416260575
1,1,0.05232104432137519,0.9476789556786248
1,1,0.02090354162155794,0.9790964583784421
1,1,0.33665715278214425,0.6633428472178557
1,1,0.13975030736834781,0.8602496926316522
1,1,0.3605827591194285,0.6394172408805715
1,1,0.1176197180495202,0.8823802819504798
1,1,0.13144074105129866,0.8685592589487013
1,1,0.1615926209341655,0.8384073790658345
1,1,0.016492778032355382,0.9835072219676446
1,1,0.3268091843414943,0.6731908156585057
1,1,1.2400720354910355e-05,0.9999875992796451
1,1,0.11704487853535217,0.8829551214646478
1,1,1.4389861723751451e-05,0.9999856101382762
1,1,0.00034059433176369946,0.9996594056682363
1,0,0.8705790488539589,0.12942095114604113
1,1,0.3297838979131742,0.6702161020868258
1,1,0.01929237722377597,0.980707622776224
1,1,0.0461293811004474,0.9538706188995526
1,1,0.04890932209574017,0.9510906779042598
1,1,0.001342394490886023,0.998657605509114
1,1,0.05819423835668891,0.9418057616433111
1,1,0.408974599717832,0.591025400282168
1,1,0.03382222968357118,0.9661777703164288
1,1,0.11674672082805215,0.8832532791719478
1,1,0.07671050519440237,0.9232894948055976
1,1,0.04144368542257171,0.9585563145774283
1,1,0.0584948100641115,0.9415051899358885
1,1,0.00020026238065107282,0.9997997376193489
1,1,0.14965046634589418,0.8503495336541058
1,1,0.0475290556887672,0.9524709443112328
1,1,0.2827690093882269,0.7172309906117731
1,1,0.048033631458623605,0.9519663685413764
1,1,0.15256081569810676,0.8474391843018932
1,1,0.032940080214681755,0.9670599197853182
1,1,0.1615926209341655,0.8384073790658345
1,1,0.04817805426868704,0.951821945731313
1,1,0.21140662017106004,0.78859337982894
1,1,0.02655440457792524,0.9734455954220748
1,1,0.059324597221791286,0.9406754027782087
1,1,0.15162063129151127,0.8483793687084887
1,1,0.0037568516643714522,0.9962431483356285
1,1,0.19017429484590764,0.8098257051540924
1,1,0.24434004184299996,0.755659958157
1,1,0.09038277585352561,0.9096172241464744
1,1,0.048033631458623605,0.9519663685413764
1,1,0.0578813000555195,0.9421186999444805
1,1,0.15164252609893392,0.8483574739010661
1,1,0.026406838277087452,0.9735931617229125
1,1,0.005705704430420733,0.9942942955695793
1,1,0.02729413882162468,0.9727058611783753
1,1,0.17935172799096288,0.8206482720090371
1,1,0.4446764539948449,0.5553235460051551
1,1,0.08854691346174925,0.9114530865382507
1,1,0.23446137279962265,0.7655386272003774
1,1,0.00023442928959382936,0.9997655707104062
1,0,0.7533601540718142,0.24663984592818575
1,1,0.21066903064743214,0.7893309693525679
1,1,0.15772537290030397,0.842274627099696
1,1,0.1612509788025639,0.8387490211974361
1,1,0.045932503428458116,0.9540674965715419
1,1,3.301784948828157e-05,0.9999669821505117
1,0,0.5264215365700506,0.4735784634299494
1,1,0.04653656894931446,0.9534634310506855
1,1,0.39377810543747693,0.6062218945625231
1,1,0.14780031436249774,0.8521996856375023
1,1,0.06931944374446963,0.9306805562555304
1,1,0.023476674672780362,0.9765233253272196
1,1,0.44378420403267116,0.5562157959673288
1,1,0.0001265879047123164,0.9998734120952877
1,1,0.020800869233382868,0.9791991307666171
1,1,0.021555100940710892,0.9784448990592891
1,1,0.10727664131344494,0.8927233586865551
1,1,0.21712405345954422,0.7828759465404558
1,1,4.4705267575606555e-06,0.9999955294732424
1,1,0.00016410517902420985,0.9998358948209758
1,1,0.11738951079994242,0.8826104892000576
1,1,0.02729413882162468,0.9727058611783753
1,1,0.4235347357391137,0.5764652642608863
1,1,0.1615926209341655,0.8384073790658345
1,1,0.019816058610400478,0.9801839413895995
1,0,0.9198617284421332,0.0801382715578668
1,1,0.052776891103807566,0.9472231088961924
1,1,0.0528455999909615,0.9471544000090385
1,1,0.0005842311505773745,0.9994157688494226
1,1,0.49551222166652364,0.5044877783334764
1,1,0.4723304099939831,0.5276695900060169
1,1,0.1136276690533744,0.8863723309466256
1,1,0.38862798166819856,0.6113720183318014
1,1,0.060317827185136896,0.9396821728148631
1,1,0.24551141401290522,0.7544885859870948
1,1,0.061162815174817475,0.9388371848251825
1,1,0.21670698424034296,0.783293015759657
1,1,0.41200613630558647,0.5879938636944135
1,1,0.03604662877698117,0.9639533712230188
1,1,0.18248085425867444,0.8175191457413256
1,1,0.001411476728208294,0.9985885232717917
1,1,0.0068902906333391245,0.9931097093666609
1,1,0.14884917412481413,0.8511508258751859
1,0,0.5264215365700506,0.4735784634299494
1,1,0.1612509788025639,0.8387490211974361
1,1,0.15454317544268548,0.8454568245573145
1,1,0.013831129855314095,0.9861688701446859
1,1,0.07019894175721197,0.929801058242788
1,1,0.39377810543747693,0.6062218945625231
1,1,0.08852251043880055,0.9114774895611994
1,1,0.08026948452774874,0.9197305154722513
1,1,0.005705704430420733,0.9942942955695793
1,1,3.3258781366507506e-05,0.9999667412186335
1,1,0.3684927755699664,0.6315072244300336
1,1,0.038240000875598645,0.9617599991244014
1,1,0.04144368542257171,0.9585563145774283
1,1,0.06609290373467969,0.9339070962653203
1,1,0.3577906769994066,0.6422093230005934
1,1,0.02729413882162468,0.9727058611783753
1,1,0.1064674412858645,0.8935325587141355
1,1,0.24379150935218896,0.756208490647811
1,0,0.5557112259950083,0.44428877400499167
1,1,0.1615926209341655,0.8384073790658345
1,1,0.001061943732177606,0.9989380562678224
1,1,0.33665715278214425,0.6633428472178557
1,1,0.07930355247914989,0.9206964475208501
1,1,0.17733794842386108,0.8226620515761389
1,1,0.001171106685370793,0.9988288933146292
1,1,0.06762440997216135,0.9323755900278387
1,1,0.17091599805766933,0.8290840019423307
1,1,0.08184535469125698,0.918154645308743
1,1,0.1612509788025639,0.8387490211974361
1,1,0.26843803478261685,0.7315619652173831
1,1,0.15567329071939695,0.844326709280603
1,0,0.6725588853088382,0.3274411146911618
1,1,0.20616851466242248,0.7938314853375775
1,1,0.009245431366163848,0.9907545686338362
1,1,0.0010043473347849385,0.9989956526652151
1,1,0.1030742198250082,0.8969257801749918
1,1,0.18755543977885003,0.81244456022115
1,1,0.2849413641981442,0.7150586358018558
1,1,0.13144074105129866,0.8685592589487013
1,1,0.024039559434149815,0.9759604405658502
1,1,0.0009143572816892043,0.9990856427183108
1,1,0.4004911263426266,0.5995088736573734
1,1,0.02331567446955174,0.9766843255304483
1,1,0.4723304099939831,0.5276695900060169
1,1,0.051299894976465255,0.9487001050235347
1,1,0.021555100940710892,0.9784448990592891
1,1,0.07312963977506282,0.9268703602249372
1,1,0.23205253208866483,0.7679474679113352
1,1,0.3808423993564096,0.6191576006435904
1,0,0.5324594455488275,0.4675405544511725
1,1,0.4004911263426266,0.5995088736573734
1,1,0.16126702080132493,0.8387329791986751
1,1,0.09655959423683569,0.9034404057631643
1,1,0.04892437461726418,0.9510756253827358
1,1,0.024039559434149815,0.9759604405658502
1,1,0.09137570377546456,0.9086242962245354
1,1,0.15454317544268548,0.8454568245573145
1,0,0.6487501986360082,0.3512498013639918
1,1,0.05819423835668891,0.9418057616433111
1,1,0.030600978641278753,0.9693990213587212
1,1,0.17138055268833308,0.8286194473116669
1,1,0.05516788300309061,0.9448321169969094
1,1,0.29783743292997955,0.7021625670700204
1,1,0.01460832101384213,0.9853916789861579
1,1,0.1950567457882214,0.8049432542117786
1,1,0.047117406959766295,0.9528825930402337
1,0,0.6487501986360082,0.3512498013639918
1,1,0.07335306330507219,0.9266469366949278
1,1,0.1136276690533744,0.8863723309466256
1,1,0.08535144434010455,0.9146485556598954
1,1,0.021555100940710892,0.9784448990592891
1,1,0.0016971823161811006,0.9983028176838189
1,1,0.08685747850153602,0.913142521498464
1,1,0.2540502060473172,0.7459497939526828
1,1,0.2628113002148288,0.7371886997851712
1,1,0.09655959423683569,0.9034404057631643
1,1,1.397732091912296e-05,0.9999860226790809
1,1,0.4754621685693363,0.5245378314306637
1,1,0.4724828506382144,0.5275171493617856
1,0,0.6774252098829724,0.3225747901170276
1,1,0.02729413882162468,0.9727058611783753
1,1,0.4754621685693363,0.5245378314306637
1,1,0.26843803478261685,0.7315619652173831
1,1,0.3039005498505363,0.6960994501494637
1,1,0.0820789691062963,0.9179210308937037
1,1,0.13975030736834781,0.8602496926316522
1,1,0.035114044221352,0.964885955778648
1,1,0.0528455999909615,0.9471544000090385
1,1,0.3808423993564096,0.6191576006435904
1,1,0.01460832101384213,0.9853916789861579
1,1,0.14780031436249774,0.8521996856375023
1,0,0.9960741715334046,0.003925828466595424
1,1,1.2004476290461419e-05,0.9999879955237095
1,1,0.21066903064743214,0.7893309693525679
1,1,0.3039836003448497,0.6960163996551503
1,1,6.421480853391337e-06,0.9999935785191466
1,1,0.06602488730722389,0.9339751126927761
1,1,0.2986391541046841,0.7013608458953159
1,1,0.07615488967086159,0.9238451103291384
1,1,0.08026948452774874,0.9197305154722513
1,1,0.1685750566811538,0.8314249433188462
1,1,0.4448516324937284,0.5551483675062716
1,1,0.03772896478994414,0.9622710352100559
1,1,0.03918396794050527,0.9608160320594947
1,1,0.3577906769994066,0.6422093230005934
1,1,0.01291194228628001,0.98708805771372
1,1,0.1269677254242796,0.8730322745757204
1,1,0.0016034328154383992,0.9983965671845616
1,1,0.30456977466424984,0.6954302253357502
1,1,0.266003049863736,0.733996950136264
1,1,0.02578517208134501,0.974214827918655
1,1,0.052346013109051626,0.9476539868909484
1,1,0.03609007777879636,0.9639099222212036
1,1,0.140003135556796,0.859996864443204
1,0,0.8619986443507519,0.13800135564924804
1,1,6.26296947658922e-06,0.9999937370305234
1,1,0.0461293811004474,0.9538706188995526
1,1,0.07878291403552606,0.9212170859644739
1,1,0.03645788393886107,0.9635421160611389
1,1,0.013269200468753017,0.986730799531247
1,1,0.10335643357304947,0.8966435664269505
1,1,0.4235347357391137,0.5764652642608863
1,1,0.033075423631804934,0.9669245763681951
1,1,0.09128390765833572,0.9087160923416643
1,1,0.060317827185136896,0.9396821728148631
1,1,0.05819423835668891,0.9418057616433111
1,1,0.11674672082805215,0.8832532791719478
1,1,0.016876668070424317,0.9831233319295757
1,1,0.17281509335334277,0.8271849066466572
1,1,0.2020233301054346,0.7979766698945654
1,1,0.48524914149340226,0.5147508585065977
1,1,0.09841876131041127,0.9015812386895887
1,0,0.6176099101682861,0.38239008983171385
1,1,0.053927888817756675,0.9460721111822433
1,1,0.025002571216165004,0.974997428783835
1,1,0.0008682370671285744,0.9991317629328714
1,1,0.2986391541046841,0.7013608458953159
1,1,2.7686010733218858e-05,0.9999723139892668
1,1,0.05587963597664769,0.9441203640233523
1,1,0.02655440457792524,0.9734455954220748
1,1,0.017659937124009373,0.9823400628759906
1,1,0.10839289887142367,0.8916071011285763
1,1,0.3504639606252149,0.6495360393747851
1,1,0.07739326990554207,0.9226067300944579
1,1,0.062261356548373614,0.9377386434516264
1,1,0.15790027788163552,0.8420997221183645
1,1,0.3518770003563686,0.6481229996436314
1,1,1.3206897254369743e-05,0.9999867931027456
1,1,0.06825589813615873,0.9317441018638413
1,1,0.04642999069584519,0.9535700093041548
1,1,0.15967212652098872,0.8403278734790113
1,1,0.000350574556733374,0.9996494254432666
1,0,0.6725588853088382,0.3274411146911618
1,1,0.0014946950861398633,0.9985053049138601
1,0,0.8718020552545577,0.1281979447454423
1,1,0.29177535846394687,0.7082246415360531
1,1,0.000350574556733374,0.9996494254432666
1,1,0.013912529059888823,0.9860874709401112
1,1,4.106813549675792e-06,0.9999958931864503
1,1,0.1752965993654665,0.8247034006345335
1,1,0.3939796625899278,0.6060203374100722
1,1,0.09756586154337399,0.902434138456626
1,1,0.0051765268125105734,0.9948234731874894
1,1,0.07641707867180958,0.9235829213281904
1,1,0.02400735431976031,0.9759926456802397
1,1,0.2890588451160988,0.7109411548839012
1,1,0.23346704563567278,0.7665329543643272
1,1,0.10839289887142367,0.8916071011285763
1,1,0.13388473358197828,0.8661152664180217
1,1,0.13011088171102403,0.869889118288976
1,1,2.0021915505097354e-05,0.9999799780844949
1,1,0.001171106685370793,0.9988288933146292
1,1,0.17649370899206696,0.823506291007933
1,1,0.0074197110164048174,0.9925802889835952
1,1,0.3577906769994066,0.6422093230005934
1,1,0.23283532631820836,0.7671646736817916
1,1,0.10330593656478226,0.8966940634352177
1,1,0.4520480452820692,0.5479519547179308
1,1,0.3268091843414943,0.6731908156585057
1,1,0.1563469019492354,0.8436530980507646
1,0,0.9722774803198959,0.02772251968010409
1,1,0.22258989078037572,0.7774101092196243
1,1,0.057647000608183285,0.9423529993918167
1,1,0.0002491284583109321,0.9997508715416891
1,1,0.048033631458623605,0.9519663685413764
1,1,0.35339190619359495,0.646608093806405
1,1,1.4389861723751451e-05,0.9999856101382762
1,1,0.1326036553013047,0.8673963446986953
1,0,0.5795636694006094,0.4204363305993905
1,0,0.8478672324916189,0.15213276750838114
1,1,0.3465824563405101,0.6534175436594899
1,1,0.05819423835668891,0.9418057616433111
1,1,0.0296842795441844,0.9703157204558156
1,1,0.02729413882162468,0.9727058611783753
1,1,0.1576026136853994,0.8423973863146006
1,1,0.3868480058519045,0.6131519941480955
1,1,0.047064723359392824,0.9529352766406072
1,1,0.27838017827514416,0.7216198217248558
1,0,0.5515251396200879,0.44847486037991213
1,1,0.0528455999909615,0.9471544000090385
1,1,0.00606713370741252,0.9939328662925875
1,1,0.048632493593305015,0.951367506406695
1,1,0.09756586154337399,0.902434138456626
1,1,0.31498802465499487,0.6850119753450051
1,1,0.1064674412858645,0.8935325587141355
1,1,0.07739326990554207,0.9226067300944579
1,0,0.5655754154096538,0.43442458459034616
1,1,0.17138055268833308,0.8286194473116669
1,1,9.421231752071435e-06,0.9999905787682479
1,1,0.024768156814339748,0.9752318431856603
1,1,0.15823493253613552,0.8417650674638645
1,0,0.8113344665269472,0.1886655334730528
1,1,0.024039559434149815,0.9759604405658502
1,1,0.14965046634589418,0.8503495336541058
1,1,0.09832925667616266,0.9016707433238373
1,1,0.02578517208134501,0.974214827918655
1,1,0.03918396794050527,0.9608160320594947
1,1,0.1150879506416781,0.8849120493583219
1,1,0.0006846850204844657,0.9993153149795155
1,0,0.5415783294787995,0.45842167052120053
1,1,0.06762440997216135,0.9323755900278387
1,1,0.0461293811004474,0.9538706188995526
1,1,0.06922388730704032,0.9307761126929597
1,1,0.02729413882162468,0.9727058611783753
1,0,0.9232096906839047,0.0767903093160953
1,1,0.05513596604770543,0.9448640339522946
1,1,0.0528455999909615,0.9471544000090385
1,1,0.0543985953913676,0.9456014046086324
1,1,0.00044601751028816583,0.9995539824897118
1,1,0.05656913176492451,0.9434308682350755
1,1,0.07402941130880147,0.9259705886911985
1,1,0.021616338471460717,0.9783836615285393
1,1,0.00012510220791039917,0.9998748977920896
1,1,0.2020233301054346,0.7979766698945654
1,1,0.0013298330642299572,0.99867016693577
1,1,0.13011088171102403,0.869889118288976
1,1,5.03838541148216e-05,0.9999496161458852
1,1,0.004547946737277986,0.995452053262722
1,1,0.02578517208134501,0.974214827918655
1,1,2.5418292045165103e-05,0.9999745817079548
1,1,0.1269677254242796,0.8730322745757204
1,1,0.3206840957903818,0.6793159042096182
1,0,0.9066335581023911,0.09336644189760891
1,1,0.24124408233470518,0.7587559176652948
1,1,0.0001575900663758345,0.9998424099336242
1,1,0.05195591374345132,0.9480440862565487
1,1,0.15972480605385952,0.8402751939461405
1,1,0.3033669036017731,0.6966330963982269
1,1,0.2834826827841105,0.7165173172158895
1,1,0.008060215022685835,0.9919397849773142
1,1,0.2628113002148288,0.7371886997851712
1,1,0.3803246302900448,0.6196753697099552
1,1,0.0543985953913676,0.9456014046086324
1,1,0.21712405345954422,0.7828759465404558
1,1,0.3039836003448497,0.6960163996551503
1,1,0.1685750566811538,0.8314249433188462
1,1,0.1612509788025639,0.8387490211974361
1,1,0.2554198454668666,0.7445801545331334
1,1,0.09655959423683569,0.9034404057631643
1,1,0.25306247978427,0.74693752021573
1,1,0.009245431366163848,0.9907545686338362
1,1,9.435882558639364e-06,0.9999905641174414
1,0,0.9524013934480547,0.047598606551945234
1,1,0.2002530417756968,0.7997469582243032
1,1,0.30368546717099576,0.6963145328290042
1,1,0.15823493253613552,0.8417650674638645
1,1,0.16444116150129962,0.8355588384987004
1,0,0.6774252098829724,0.3225747901170276
1,1,0.023476674672780362,0.9765233253272196
1,1,0.0014946950861398633,0.9985053049138601
1,1,0.1289264912755299,0.8710735087244701
1,1,0.0008464142973281241,0.9991535857026719
1,1,0.04890932209574017,0.9510906779042598
1,1,0.0483111924549352,0.9516888075450648
1,1,0.23037615111290144,0.7696238488870986
1,1,0.0578813000555195,0.9421186999444805
1,1,7.548993817085847e-05,0.9999245100618291
1,1,0.20888719512185927,0.7911128048781407
1,1,0.005202844541242424,0.9947971554587576
1,1,0.006793503005347867,0.9932064969946521
1,1,0.013912529059888823,0.9860874709401112
1,1,0.49719908958484116,0.5028009104151588
1,1,0.42556490147181725,0.5744350985281828
1,1,0.4004911263426266,0.5995088736573734
1,1,0.048033631458623605,0.9519663685413764
1,1,0.33725445854567193,0.6627455414543281
1,1,0.0014965646620760387,0.998503435337924
1,1,0.013912529059888823,0.9860874709401112
1,0,0.5158085745695911,0.48419142543040894
1,1,0.21151883709107733,0.7884811629089227
1,1,0.32082710119390345,0.6791728988060965
1,1,0.4307760606991877,0.5692239393008123
1,1,0.036778112935181295,0.9632218870648187
1,1,0.0528455999909615,0.9471544000090385
1,0,0.9455401201913051,0.05445987980869491
1,1,0.16029610556785334,0.8397038944321467
1,1,0.0869366493572824,0.9130633506427176
1,1,0.0543985953913676,0.9456014046086324
1,1,0.13015459347016456,0.8698454065298354
1,1,0.2554198454668666,0.7445801545331334
1,1,0.0461293811004474,0.9538706188995526
1,1,0.2827690093882269,0.7172309906117731
1,1,0.019314755986320264,0.9806852440136797
1,1,2.53446621977238e-05,0.9999746553378023
1,1,0.07312963977506282,0.9268703602249372
1,1,0.28887996652182957,0.7111200334781704
1,1,0.0002727681031914342,0.9997272318968086
1,1,0.05546083654668055,0.9445391634533195
1,1,0.1326036553013047,0.8673963446986953
1,1,0.33665715278214425,0.6633428472178557
1,1,0.11221921615831731,0.8877807838416827
1,1,0.05232104432137519,0.9476789556786248
1,1,0.4583253654371242,0.5416746345628758
1,1,0.07671050519440237,0.9232894948055976
1,1,0.09137570377546456,0.9086242962245354
1,1,0.2834826827841105,0.7165173172158895
1,1,0.37537326654298464,0.6246267334570154
1,1,0.24993952105010775,0.7500604789498923
1,1,0.25241219572362406,0.747587804276376
1,1,7.04931743609194e-05,0.9999295068256391
1,1,0.31498802465499487,0.6850119753450051
1,1,0.06339413263888927,0.9366058673611107
1,1,0.04265861863701892,0.9573413813629811
1,1,0.2628113002148288,0.7371886997851712
1,0,0.7717846133526114,0.22821538664738866
1,1,0.0002405865405363805,0.9997594134594636
1,1,0.3206840957903818,0.6793159042096182
1,1,6.421480853391337e-06,0.9999935785191466
1,1,0.07312963977506282,0.9268703602249372
1,1,0.0543985953913676,0.9456014046086324
1,0,0.8718020552545577,0.1281979447454423
1,1,0.39377810543747693,0.6062218945625231
1,0,0.634744029815314,0.3652559701846861
1,0,0.8400192595546935,0.15998074044530655
1,1,0.13815705038730708,0.8618429496126929
1,1,0.21577190030409565,0.7842280996959043
1,1,0.04642999069584519,0.9535700093041548
1,1,0.0007039781551327895,0.9992960218448672
1,1,0.07209272079265105,0.927907279207349
1,1,0.04648700967271402,0.953512990327286
1,1,0.00019187537896714346,0.9998081246210329
1,1,0.04471771489477139,0.9552822851052286
1,1,0.07926531876145959,0.9207346812385404
1,1,0.035114044221352,0.964885955778648
1,1,0.46658325558089475,0.5334167444191052
1,1,0.26843803478261685,0.7315619652173831
1,1,0.0475290556887672,0.9524709443112328
1,1,0.07615488967086159,0.9238451103291384
1,1,0.0578813000555195,0.9421186999444805
1,1,0.053493523176278424,0.9465064768237216
1,1,0.13736462494343749,0.8626353750565625
1,1,0.013912529059888823,0.9860874709401112
1,1,0.05199757256473192,0.9480024274352681
1,1,0.04144368542257171,0.9585563145774283
1,1,0.17649370899206696,0.823506291007933
1,1,2.0021915505097354e-05,0.9999799780844949
1,1,0.007298025255917717,0.9927019747440823
1,1,0.07402941130880147,0.9259705886911985
1,1,0.17138055268833308,0.8286194473116669
1,1,0.0014072174800564552,0.9985927825199435
1,1,5.8230709194972974e-05,0.999941769290805
1,1,3.347186690361159e-05,0.9999665281330964
1,0,0.7082276482327072,0.29177235176729277
1,1,0.02729413882162468,0.9727058611783753
1,1,0.4139356505788053,0.5860643494211947
1,1,0.4004911263426266,0.5995088736573734
1,1,0.00019187537896714346,0.9998081246210329
1,1,4.501215704466599e-05,0.9999549878429553
1,0,0.5383372804702333,0.4616627195297667
1,1,0.19017429484590764,0.8098257051540924
1,1,0.003287012846676096,0.9967129871533239
1,1,7.548993817085847e-05,0.9999245100618291
1,1,0.019314755986320264,0.9806852440136797
1,1,0.15972480605385952,0.8402751939461405
1,1,0.14884917412481413,0.8511508258751859
1,1,0.11674672082805215,0.8832532791719478
1,1,0.007298025255917717,0.9927019747440823
1,0,0.5707070892959896,0.4292929107040105
1,1,0.3377229812104877,0.6622770187895123
1,1,0.10570066270373246,0.8942993372962675
1,1,0.15210249874975823,0.8478975012502418
1,1,0.02104338951998852,0.9789566104800115
1,1,0.11802337405476626,0.8819766259452337
1,1,0.16164673866020218,0.8383532613397978
1,1,1.4641433894957423e-05,0.999985358566105
1,1,0.14465059248734935,0.8553494075126507
1,1,0.33665715278214425,0.6633428472178557
1,1,0.05976126272941851,0.9402387372705815
1,1,5.03838541148216e-05,0.9999496161458852
1,1,0.05819423835668891,0.9418057616433111
1,1,0.13975030736834781,0.8602496926316522
1,0,0.8478672324916189,0.15213276750838114
1,1,0.06960540562655937,0.9303945943734406
1,1,0.05819423835668891,0.9418057616433111
1,1,0.017659937124009373,0.9823400628759906
1,1,0.11802337405476626,0.8819766259452337
1,1,0.10569536620457054,0.8943046337954295
1,1,0.24491610164735567,0.7550838983526443
1,1,0.20387169971691066,0.7961283002830893
1,1,0.23630915858858415,0.7636908414114159
1,1,0.4723304099939831,0.5276695900060169
1,1,0.07019894175721197,0.929801058242788
1,1,0.032940080214681755,0.9670599197853182
1,1,0.32082710119390345,0.6791728988060965
1,1,2.3711427466488466e-05,0.9999762885725335
1,1,0.1631823874638566,0.8368176125361434
1,1,0.1784629208560785,0.8215370791439215
1,1,0.01651743462868538,0.9834825653713146
1,1,0.15256081569810676,0.8474391843018932
1,1,0.09655959423683569,0.9034404057631643
1,0,0.5708667611030815,0.4291332388969185
1,1,0.3749837080175047,0.6250162919824953
1,0,0.5536277610617244,0.44637223893827555
1,1,0.0475290556887672,0.9524709443112328
1,1,0.08176955536029751,0.9182304446397025
1,1,0.0014946950861398633,0.9985053049138601
1,1,0.04642999069584519,0.9535700093041548
1,1,0.408974599717832,0.591025400282168
1,1,0.20129178788938706,0.7987082121106129
1,1,0.15256081569810676,0.8474391843018932
1,1,0.41200613630558647,0.5879938636944135
1,1,9.421231752071435e-06,0.9999905787682479
1,1,0.2554198454668666,0.7445801545331334
1,1,0.0584948100641115,0.9415051899358885
1,1,0.3974922607818794,0.6025077392181206
1,1,0.06480512121203019,0.9351948787879698
1,1,0.14782537296234666,0.8521746270376533
1,1,0.07312963977506282,0.9268703602249372
1,1,0.000525182734685381,0.9994748172653146
1,1,0.3808423993564096,0.6191576006435904
1,0,0.5403380484348248,0.45966195156517514
1,1,0.17093467586668154,0.8290653241333185
1,1,0.15967212652098872,0.8403278734790113
1,0,0.5264215365700506,0.4735784634299494
1,1,1.4389861723751451e-05,0.9999856101382762
1,1,0.3424815232915902,0.6575184767084098
1,1,5.216017913634019e-05,0.9999478398208637
1,1,0.15823493253613552,0.8417650674638645
1,1,0.020800869233382868,0.9791991307666171
1,1,0.15454317544268548,0.8454568245573145
1,1,0.04667506457866355,0.9533249354213365
1,1,0.49719908958484116,0.5028009104151588
1,1,0.290888130862904,0.709111869137096
1,1,0.0528455999909615,0.9471544000090385
1,1,0.048033631458623605,0.9519663685413764
1,1,0.3268091843414943,0.6731908156585057
1,1,0.4754621685693363,0.5245378314306637
1,1,0.1615926209341655,0.8384073790658345
1,1,4.8557814570804325e-05,0.9999514421854292
1,1,0.3206840957903818,0.6793159042096182
1,1,0.04057387398198675,0.9594261260180132
1,1,6.096875278738256e-05,0.9999390312472126
1,1,0.0030081553093243008,0.9969918446906757
1,1,0.20171051959970654,0.7982894804002935
1,1,0.02331567446955174,0.9766843255304483
1,1,0.2692757153819936,0.7307242846180064
1,1,0.16999584963631398,0.830004150363686
1,1,0.4351386116484116,0.5648613883515884
1,1,0.04642999069584519,0.9535700093041548
1,1,1.2400720354910355e-05,0.9999875992796451
1,1,0.3210842286678588,0.6789157713321412
1,1,0.12018750869306605,0.879812491306934
1,1,0.12652921742820777,0.8734707825717922
1,1,0.2005210305918529,0.7994789694081471
1,1,0.06480512121203019,0.9351948787879698
1,1,0.24124408233470518,0.7587559176652948
1,0,0.7310807127444774,0.26891928725552255
1,1,0.06056666820415624,0.9394333317958438
1,1,0.016876668070424317,0.9831233319295757
1,1,0.08026948452774874,0.9197305154722513
1,1,0.006793503005347867,0.9932064969946521
1,1,2.0021915505097354e-05,0.9999799780844949
1,1,0.1382969032141994,0.8617030967858006
1,1,0.08026948452774874,0.9197305154722513
1,1,0.11738951079994242,0.8826104892000576
1,1,0.09959938437211757,0.9004006156278824
1,1,0.1710777304841954,0.8289222695158046
1,1,0.06480512121203019,0.9351948787879698
1,1,0.48776122412982625,0.5122387758701737
1,1,0.07615488967086159,0.9238451103291384
1,1,0.2790393196199452,0.7209606803800548
1,1,1.4568280363502772e-05,0.9999854317196365
1,1,0.0008464142973281241,0.9991535857026719
1,1,0.0032892487992712827,0.9967107512007287
1,1,0.00019416970247432275,0.9998058302975257
1,1,0.46658325558089475,0.5334167444191052
1,1,0.00011762050961539039,0.9998823794903846
1,1,0.018073164830794353,0.9819268351692056
1,1,0.15823493253613552,0.8417650674638645
1,1,0.08463137222596462,0.9153686277740354
1,0,0.9662610339266519,0.03373896607334813
1,1,0.03365704918399326,0.9663429508160067
1,1,0.02400735431976031,0.9759926456802397
1,1,0.1231469038972226,0.8768530961027774
1,1,0.19295493129396468,0.8070450687060353
1,1,0.0528455999909615,0.9471544000090385
1,0,0.555523687705038,0.444476312294962
1,1,0.03659477004753997,0.96340522995246
1,1,0.033075423631804934,0.9669245763681951
1,1,0.48776122412982625,0.5122387758701737
1,1,0.023465135439719287,0.9765348645602807
1,1,0.0008427400441108901,0.9991572599558891
1,1,0.4723304099939831,0.5276695900060169
1,1,0.2964995129997201,0.7035004870002799
1,1,0.4509227969335232,0.5490772030664768
1,1,0.4570083117487933,0.5429916882512067
1,1,0.03742875253782307,0.9625712474621769
1,1,0.07341908742648984,0.9265809125735102
1,1,6.590179582266487e-06,0.9999934098204177
1,1,0.2692757153819936,0.7307242846180064
1,1,0.00034390469991707473,0.9996560953000829
1,1,0.02090354162155794,0.9790964583784421
1,1,0.02284411442787082,0.9771558855721292
1,1,0.016876668070424317,0.9831233319295757
1,0,0.6574543775286287,0.3425456224713713
1,1,0.0002727681031914342,0.9997272318968086
1,1,0.0014965646620760387,0.998503435337924
1,1,0.1064674412858645,0.8935325587141355
1,1,0.2986391541046841,0.7013608458953159
1,0,0.5324594455488275,0.4675405544511725
1,1,0.2111295507169917,0.7888704492830083
1,1,0.4004911263426266,0.5995088736573734
1,1,0.00034059433176369946,0.9996594056682363
1,1,0.408974599717832,0.591025400282168
1,1,0.4629017740640813,0.5370982259359187
1,1,0.26384289869810484,0.7361571013018952
1,1,0.08817053478059533,0.9118294652194047
1,1,0.1472398391005263,0.8527601608994737
1,0,0.6242553583739425,0.3757446416260575
1,1,0.0005081479651299903,0.99949185203487
1,1,3.600481428633895e-05,0.9999639951857137
1,1,0.30456977466424984,0.6954302253357502
1,1,0.049341390195980384,0.9506586098040196
1,1,7.218873408987303e-05,0.9999278112659101
1,1,0.02729413882162468,0.9727058611783753
1,1,0.0074197110164048174,0.9925802889835952
1,1,0.02104338951998852,0.9789566104800115
1,1,0.007650873465596564,0.9923491265344034
1,0,0.616850003511578,0.3831499964884219
1,1,0.3439211680841363,0.6560788319158637
1,1,0.06579146726747342,0.9342085327325266
1,1,0.1043304951292986,0.8956695048707014
1,1,1.397732091912296e-05,0.9999860226790809
1,1,0.007195551694482161,0.9928044483055178
1,1,0.0578813000555195,0.9421186999444805
1,1,0.13078145657052542,0.8692185434294746
1,1,0.4723304099939831,0.5276695900060169
1,1,4.084583577923517e-06,0.9999959154164221
1,0,0.652726043498125,0.3472739565018749
1,1,0.02104338951998852,0.9789566104800115
1,1,0.15204452066765917,0.8479554793323408
1,1,0.248382010134785,0.751617989865215
1,1,0.00011566071649948828,0.9998843392835005
1,1,0.17919390949257863,0.8208060905074214
1,1,0.17728691094835558,0.8227130890516444
1,0,0.5431454029729963,0.45685459702700365
1,1,0.0006264980833093903,0.9993735019166906
1,1,0.0014946950861398633,0.9985053049138601
1,1,0.002148225137311277,0.9978517748626887
1,1,0.02414828768794053,0.9758517123120595
1,1,0.2111295507169917,0.7888704492830083
1,1,0.3553899237978845,0.6446100762021155
1,1,0.07209272079265105,0.927907279207349
1,0,0.8697880404994344,0.13021195950056566
1,1,0.15256081569810676,0.8474391843018932
1,1,0.15772537290030397,0.842274627099696
1,1,0.0003689261270364286,0.9996310738729636
1,1,0.10446983138673926,0.8955301686132607
1,1,0.1763841076424273,0.8236158923575727
1,1,1.2400720354910355e-05,0.9999875992796451
1,1,0.04653656894931446,0.9534634310506855
1,1,0.02511311446707809,0.9748868855329219
1,1,6.26296947658922e-06,0.9999937370305234
1,1,0.04311344978648435,0.9568865502135157
1,1,0.27838017827514416,0.7216198217248558
1,1,0.1710777304841954,0.8289222695158046
1,1,0.29177535846394687,0.7082246415360531
1,0,0.9455401201913051,0.05445987980869491
1,1,0.09137570377546456,0.9086242962245354
1,1,0.14884917412481413,0.8511508258751859
1,1,0.048033631458623605,0.9519663685413764
1,1,0.001171106685370793,0.9988288933146292
1,0,0.7031855979562204,0.2968144020437796
1,1,0.06480512121203019,0.9351948787879698
1,1,0.0026662583375045568,0.9973337416624954
1,1,0.17520990384803803,0.824790096151962
1,1,0.1794955528784299,0.8205044471215701
1,1,0.0031894752460854825,0.9968105247539145
1,1,0.0483111924549352,0.9516888075450648
1,0,0.8881715852883447,0.11182841471165524
1,1,0.14431506307292774,0.8556849369270723
1,1,0.15162063129151127,0.8483793687084887
1,1,0.13925188160273339,0.8607481183972666
1,1,1.0231089247692005e-05,0.9999897689107523
1,1,0.24993952105010775,0.7500604789498923
1,1,0.03609007777879636,0.9639099222212036
1,1,0.28663610064282197,0.713363899357178
1,0,0.634744029815314,0.3652559701846861
1,1,0.21577190030409565,0.7842280996959043
1,1,0.008060215022685835,0.9919397849773142
1,1,0.07739326990554207,0.9226067300944579
1,1,0.15099226196105042,0.8490077380389496
1,0,0.8422153530068648,0.15778464699313519
1,1,0.10053178427372023,0.8994682157262798
1,0,0.5939058205426497,0.40609417945735027
1,1,0.4633065611848214,0.5366934388151786
1,1,0.10446983138673926,0.8955301686132607
1,1,0.030600978641278753,0.9693990213587212
1,1,0.3068070860695332,0.6931929139304668
1,1,0.09476232307797072,0.9052376769220293
1,1,0.10364828924881331,0.8963517107511867
1,1,0.20805417291392725,0.7919458270860728
1,0,0.555523687705038,0.444476312294962
1,1,0.23283532631820836,0.7671646736817916
1,1,4.106813549675792e-06,0.9999958931864503
1,1,0.19295493129396468,0.8070450687060353
1,1,0.3504639606252149,0.6495360393747851
1,1,0.061162815174817475,0.9388371848251825
1,1,0.0016971823161811006,0.9983028176838189
1,1,0.04817805426868704,0.951821945731313
1,1,0.023476674672780362,0.9765233253272196
1,1,1.397732091912296e-05,0.9999860226790809
1,1,0.060317827185136896,0.9396821728148631
1,1,0.13078145657052542,0.8692185434294746
1,1,0.0016034328154383992,0.9983965671845616
1,1,0.08463137222596462,0.9153686277740354
1,1,0.38862798166819856,0.6113720183318014
1,1,0.00044601751028816583,0.9995539824897118
1,1,0.016346522486589854,0.9836534775134101
1,1,0.46658325558089475,0.5334167444191052
1,1,0.41200613630558647,0.5879938636944135
1,1,0.0025623824726632716,0.9974376175273367
1,1,0.0296842795441844,0.9703157204558156
1,1,0.12018750869306605,0.879812491306934
1,1,0.41169586949849857,0.5883041305015014
1,1,0.04642999069584519,0.9535700093041548
1,1,0.1752965993654665,0.8247034006345335
1,1,0.08919862799704115,0.9108013720029589
1,1,0.09128390765833572,0.9087160923416643
1,1,0.2002530417756968,0.7997469582243032
1,1,0.05199757256473192,0.9480024274352681
1,1,0.024039559434149815,0.9759604405658502
1,1,0.02284411442787082,0.9771558855721292
1,1,0.12666067838942419,0.8733393216105758
1,1,0.0006583569638661801,0.9993416430361338
1,1,0.13011088171102403,0.869889118288976
1,1,0.13975030736834781,0.8602496926316522
1,1,0.0074197110164048174,0.9925802889835952
1,1,0.0004012997533276996,0.9995987002466723
1,1,0.03659477004753997,0.96340522995246
1,0,0.9066335581023911,0.09336644189760891
1,1,0.15454317544268548,0.8454568245573145
1,1,0.05513596604770543,0.9448640339522946
1,1,0.3929054592114497,0.6070945407885503
1,1,0.013269200468753017,0.986730799531247
1,1,0.05546083654668055,0.9445391634533195
1,1,0.1576026136853994,0.8423973863146006
1,1,0.09655959423683569,0.9034404057631643
1,1,0.3297838979131742,0.6702161020868258
1,1,0.011814377128686826,0.9881856228713132
1,1,1.2400720354910355e-05,0.9999875992796451
1,1,0.0475290556887672,0.9524709443112328
1,0,0.7449476423100699,0.25505235768993006
1,1,0.44995956484417987,0.5500404351558201
1,1,0.13144074105129866,0.8685592589487013
1,1,0.048033631458623605,0.9519663685413764
1,1,0.4754621685693363,0.5245378314306637
1,1,0.030968647208078903,0.9690313527919211
1,1,0.1043304951292986,0.8956695048707014
1,1,0.12336879053889305,0.876631209461107
1,1,0.08660849916725055,0.9133915008327494
1,1,0.15210249874975823,0.8478975012502418
1,1,0.19515685411771622,0.8048431458822838
1,1,0.3517095692014316,0.6482904307985684
1,1,0.19515685411771622,0.8048431458822838
1,1,0.30368546717099576,0.6963145328290042
1,1,0.1071195389417785,0.8928804610582215
1,0,0.9528299875087352,0.04717001249126487
1,1,0.0528455999909615,0.9471544000090385
1,1,0.4270161863205193,0.5729838136794807
1,1,0.1071195389417785,0.8928804610582215
1,1,0.17791097254969224,0.8220890274503078
1,1,0.12018750869306605,0.879812491306934
1,1,0.0026662583375045568,0.9973337416624954
1,1,0.06567375500772699,0.934326244992273
1,1,0.1612509788025639,0.8387490211974361
1,1,0.08919862799704115,0.9108013720029589
1,1,0.016876668070424317,0.9831233319295757
1,1,0.05209736857920266,0.9479026314207973
1,1,0.05819423835668891,0.9418057616433111
1,1,0.14490515638684176,0.8550948436131582
1,1,0.4723304099939831,0.5276695900060169
1,1,0.06762440997216135,0.9323755900278387
1,1,0.04438854378039403,0.955611456219606
1,1,0.0006846850204844657,0.9993153149795155
1,1,0.3360512064595699,0.6639487935404301
1,0,0.6639222604378983,0.3360777395621017
1,1,0.15204452066765917,0.8479554793323408
1,1,0.0528455999909615,0.9471544000090385
1,1,0.0013298330642299572,0.99867016693577
1,1,0.09959938437211757,0.9004006156278824
1,1,0.020800869233382868,0.9791991307666171
1,1,0.07402941130880147,0.9259705886911985
1,0,0.5878368752538554,0.4121631247461445
1,1,0.30191585118028574,0.6980841488197143
1,1,0.07019894175721197,0.929801058242788
1,1,0.1296034871146029,0.8703965128853971
1,1,0.016876668070424317,0.9831233319295757
1,1,0.01651743462868538,0.9834825653713146
1,1,0.15204452066765917,0.8479554793323408
1,1,0.0001575900663758345,0.9998424099336242
1,1,0.2628113002148288,0.7371886997851712
1,1,0.052776891103807566,0.9472231088961924
1,1,0.2987929652005068,0.7012070347994932
1,0,0.6378527256607468,0.3621472743392532
1,1,0.3424815232915902,0.6575184767084098
1,1,0.052776891103807566,0.9472231088961924
1,1,0.0902639968724187,0.9097360031275813
1,1,0.09128390765833572,0.9087160923416643
1,1,0.06353508702319899,0.936464912976801
1,1,0.048576632133116915,0.9514233678668831
1,1,0.0008682370671285744,0.9991317629328714
1,1,0.05976126272941851,0.9402387372705815
1,1,0.0005238675858051378,0.9994761324141949
1,0,0.7084361282747837,0.2915638717252162
1,1,0.4201973567438295,0.5798026432561705
1,1,0.05976126272941851,0.9402387372705815
1,1,0.16593021122010132,0.8340697887798987
1,1,0.02729413882162468,0.9727058611783753
1,1,0.0015153116912348663,0.9984846883087651
1,1,0.029881079100668173,0.9701189208993318
1,1,0.05587963597664769,0.9441203640233523
1,1,0.08091129175908562,0.9190887082409144
1,1,0.42946800214798975,0.5705319978520103
1,0,0.616850003511578,0.3831499964884219
1,0,0.7016634750532247,0.2983365249467753
1,1,0.0074197110164048174,0.9925802889835952
1,1,0.20171051959970654,0.7982894804002935
1,1,0.0009759941321865195,0.9990240058678135
1,1,1.4568280363502772e-05,0.9999854317196365
1,1,0.05976126272941851,0.9402387372705815
1,1,0.09137570377546456,0.9086242962245354
1,1,0.49356547151258157,0.5064345284874184
1,1,0.06762440997216135,0.9323755900278387
1,1,0.014211506905529303,0.9857884930944707
1,1,0.24993952105010775,0.7500604789498923
1,1,0.2002530417756968,0.7997469582243032
1,1,3.0387606916537635e-05,0.9999696123930835
1,1,0.15772537290030397,0.842274627099696
1,1,0.11674672082805215,0.8832532791719478
1,1,0.2986391541046841,0.7013608458953159
1,1,0.14884917412481413,0.8511508258751859
1,1,0.06762440997216135,0.9323755900278387
1,1,0.06706677666277916,0.9329332233372208
1,1,0.10569536620457054,0.8943046337954295
1,1,0.006793503005347867,0.9932064969946521
1,1,0.024039559434149815,0.9759604405658502
1,1,0.29784759421731677,0.7021524057826832
1,1,0.03742875253782307,0.9625712474621769
1,1,0.25306247978427,0.74693752021573
1,1,0.44995956484417987,0.5500404351558201
1,1,0.11381196099347912,0.8861880390065209
1,1,0.08970628373414025,0.9102937162658598
1,1,0.02331567446955174,0.9766843255304483
1,1,0.1087807573444306,0.8912192426555694
1,1,0.03912790885798478,0.9608720911420152
1,1,0.045932503428458116,0.9540674965715419
1,1,0.07335306330507219,0.9266469366949278
1,1,0.2111295507169917,0.7888704492830083
1,1,0.002592806558469496,0.9974071934415305
1,1,0.2554198454668666,0.7445801545331334
1,1,0.44565218399592144,0.5543478160040786
1,1,0.0030105857733370156,0.996989414226663
1,1,0.03609007777879636,0.9639099222212036
1,1,0.1612509788025639,0.8387490211974361
1,1,0.016876668070424317,0.9831233319295757
1,1,0.020800869233382868,0.9791991307666171
1,1,0.05976126272941851,0.9402387372705815
1,1,0.4754621685693363,0.5245378314306637
1,1,0.1784629208560785,0.8215370791439215
1,0,0.7391215202347825,0.2608784797652175
1,1,0.17791097254969224,0.8220890274503078
1,1,0.1289264912755299,0.8710735087244701
1,1,0.11788452140583028,0.8821154785941697
1,1,0.02729413882162468,0.9727058611783753
1,1,0.3104248093098948,0.6895751906901052
1,1,0.07739326990554207,0.9226067300944579
1,1,0.00606713370741252,0.9939328662925875
1,1,0.48524914149340226,0.5147508585065977
1,1,0.07019894175721197,0.929801058242788
1,1,0.06480512121203019,0.9351948787879698
1,1,0.3577906769994066,0.6422093230005934
1,1,0.13992247667344115,0.8600775233265588
1,1,0.3974922607818794,0.6025077392181206
1,1,0.23205253208866483,0.7679474679113352
1,1,0.40478585871689976,0.5952141412831002
1,1,0.02104338951998852,0.9789566104800115
1,1,0.04057387398198675,0.9594261260180132
1,1,0.0037568516643714522,0.9962431483356285
1,1,0.053555902792240206,0.9464440972077598
1,1,0.14490515638684176,0.8550948436131582
1,1,4.4705267575606555e-06,0.9999955294732424
1,1,0.28926626533729793,0.7107337346627021
1,1,0.0009361106083305426,0.9990638893916695
1,1,0.03659477004753997,0.96340522995246
1,1,0.26569780019240297,0.734302199807597
1,1,0.0014072174800564552,0.9985927825199435
1,1,0.021555100940710892,0.9784448990592891
1,0,0.5448427397434493,0.4551572602565507
1,1,0.11923110308674034,0.8807688969132597
1,0,0.759102343689557,0.24089765631044302
1,1,0.08685747850153602,0.913142521498464
1,1,0.4723304099939831,0.5276695900060169
1,1,0.12562253484707553,0.8743774651529245
1,1,0.0009143572816892043,0.9990856427183108
1,1,0.2613182445415827,0.7386817554584173
1,1,0.03792049646320139,0.9620795035367986
